-- MySQL dump 10.13  Distrib 8.0.28, for Linux (x86_64)
--
-- Host: localhost    Database: marathon
-- ------------------------------------------------------
-- Server version	8.0.28

/*!40101 SET @OLD_CHARACTER_SET_CLIENT=@@CHARACTER_SET_CLIENT */;
/*!40101 SET @OLD_CHARACTER_SET_RESULTS=@@CHARACTER_SET_RESULTS */;
/*!40101 SET @OLD_COLLATION_CONNECTION=@@COLLATION_CONNECTION */;
/*!50503 SET NAMES utf8mb4 */;
/*!40103 SET @OLD_TIME_ZONE=@@TIME_ZONE */;
/*!40103 SET TIME_ZONE='+00:00' */;
/*!40014 SET @OLD_UNIQUE_CHECKS=@@UNIQUE_CHECKS, UNIQUE_CHECKS=0 */;
/*!40014 SET @OLD_FOREIGN_KEY_CHECKS=@@FOREIGN_KEY_CHECKS, FOREIGN_KEY_CHECKS=0 */;
/*!40101 SET @OLD_SQL_MODE=@@SQL_MODE, SQL_MODE='NO_AUTO_VALUE_ON_ZERO' */;
/*!40111 SET @OLD_SQL_NOTES=@@SQL_NOTES, SQL_NOTES=0 */;

--
-- Table structure for table `Category`
--

DROP TABLE IF EXISTS `Category`;
/*!40101 SET @saved_cs_client     = @@character_set_client */;
/*!50503 SET character_set_client = utf8mb4 */;
CREATE TABLE `Category` (
  `id` int NOT NULL AUTO_INCREMENT,
  `slug` varchar(191) CHARACTER SET utf8mb4 COLLATE utf8mb4_unicode_ci NOT NULL,
  `name` varchar(191) CHARACTER SET utf8mb4 COLLATE utf8mb4_unicode_ci NOT NULL,
  `externalId` varchar(191) CHARACTER SET utf8mb4 COLLATE utf8mb4_unicode_ci DEFAULT NULL,
  PRIMARY KEY (`id`),
  UNIQUE KEY `Category.slug_unique` (`slug`),
  UNIQUE KEY `Category.externalId_unique` (`externalId`)
) ENGINE=InnoDB AUTO_INCREMENT=14 DEFAULT CHARSET=utf8mb4 COLLATE=utf8mb4_unicode_ci;
/*!40101 SET character_set_client = @saved_cs_client */;

--
-- Dumping data for table `Category`
--

LOCK TABLES `Category` WRITE;
/*!40000 ALTER TABLE `Category` DISABLE KEYS */;
INSERT INTO `Category` VALUES (1,'all','All',NULL),(2,'slip-resistant-mat','Slip Resistant Mat',NULL),(3,'tray','Tray',NULL),(4,'accessories','Accessories',NULL),(5,'box','Box',NULL),(6,'storage-box','Storage Box',NULL),(7,'l-shape','L Shape',NULL),(8,'filler-panel','Filler (panel)',NULL),(9,'peg-board','Peg Board',NULL),(10,'spice-tray','Spice Tray',NULL),(11,'cutlery','Cutlery',NULL),(12,'utensil','Utensil',NULL),(13,'spice','Spice',NULL);
/*!40000 ALTER TABLE `Category` ENABLE KEYS */;
UNLOCK TABLES;

--
-- Table structure for table `Collection`
--

DROP TABLE IF EXISTS `Collection`;
/*!40101 SET @saved_cs_client     = @@character_set_client */;
/*!50503 SET character_set_client = utf8mb4 */;
CREATE TABLE `Collection` (
  `id` int NOT NULL AUTO_INCREMENT,
  `thumbnailUrl` varchar(255) CHARACTER SET utf8mb4 COLLATE utf8mb4_unicode_ci DEFAULT NULL,
  `slug` varchar(191) CHARACTER SET utf8mb4 COLLATE utf8mb4_unicode_ci NOT NULL,
  `hasPegs` tinyint(1) NOT NULL DEFAULT '0',
  `isComingSoon` tinyint(1) NOT NULL DEFAULT '0',
  `externalId` varchar(191) CHARACTER SET utf8mb4 COLLATE utf8mb4_unicode_ci DEFAULT NULL,
  PRIMARY KEY (`id`),
  UNIQUE KEY `Collection.slug_unique` (`slug`),
  UNIQUE KEY `Collection.externalId_unique` (`externalId`)
) ENGINE=InnoDB AUTO_INCREMENT=4 DEFAULT CHARSET=utf8mb4 COLLATE=utf8mb4_unicode_ci;
/*!40101 SET character_set_client = @saved_cs_client */;

--
-- Dumping data for table `Collection`
--

LOCK TABLES `Collection` WRITE;
/*!40000 ALTER TABLE `Collection` DISABLE KEYS */;
INSERT INTO `Collection` VALUES (1,'images/collection/area.jpg','area',0,0,NULL),(2,'images/collection/imprint.jpg','imprint',1,1,NULL),(3,'images/collection/autograph.jpg','autograph',1,1,NULL);
/*!40000 ALTER TABLE `Collection` ENABLE KEYS */;
UNLOCK TABLES;

--
-- Table structure for table `CollectionFinishes`
--

DROP TABLE IF EXISTS `CollectionFinishes`;
/*!40101 SET @saved_cs_client     = @@character_set_client */;
/*!50503 SET character_set_client = utf8mb4 */;
CREATE TABLE `CollectionFinishes` (
  `id` int NOT NULL AUTO_INCREMENT,
  `collectionId` int NOT NULL,
  `finishId` int NOT NULL,
  PRIMARY KEY (`id`),
  KEY `collectionId` (`collectionId`),
  KEY `finishId` (`finishId`),
  CONSTRAINT `CollectionFinishes_ibfk_1` FOREIGN KEY (`collectionId`) REFERENCES `Collection` (`id`) ON DELETE CASCADE ON UPDATE CASCADE,
  CONSTRAINT `CollectionFinishes_ibfk_2` FOREIGN KEY (`finishId`) REFERENCES `Finish` (`id`) ON DELETE CASCADE ON UPDATE CASCADE
) ENGINE=InnoDB AUTO_INCREMENT=8 DEFAULT CHARSET=utf8mb4 COLLATE=utf8mb4_unicode_ci;
/*!40101 SET character_set_client = @saved_cs_client */;

--
-- Dumping data for table `CollectionFinishes`
--

LOCK TABLES `CollectionFinishes` WRITE;
/*!40000 ALTER TABLE `CollectionFinishes` DISABLE KEYS */;
INSERT INTO `CollectionFinishes` VALUES (1,3,1),(2,3,2),(3,1,4),(4,1,5),(5,1,3),(6,2,1),(7,2,2);
/*!40000 ALTER TABLE `CollectionFinishes` ENABLE KEYS */;
UNLOCK TABLES;

--
-- Table structure for table `CollectionTranslations`
--

DROP TABLE IF EXISTS `CollectionTranslations`;
/*!40101 SET @saved_cs_client     = @@character_set_client */;
/*!50503 SET character_set_client = utf8mb4 */;
CREATE TABLE `CollectionTranslations` (
  `id` int NOT NULL AUTO_INCREMENT,
  `locale` enum('en','fr') CHARACTER SET utf8mb4 COLLATE utf8mb4_unicode_ci NOT NULL,
  `name` varchar(191) CHARACTER SET utf8mb4 COLLATE utf8mb4_unicode_ci NOT NULL,
  `description` varchar(191) CHARACTER SET utf8mb4 COLLATE utf8mb4_unicode_ci DEFAULT NULL,
  `collectionId` int NOT NULL,
  `footer` varchar(191) CHARACTER SET utf8mb4 COLLATE utf8mb4_unicode_ci DEFAULT NULL,
  `subtitle` varchar(191) CHARACTER SET utf8mb4 COLLATE utf8mb4_unicode_ci DEFAULT NULL,
  PRIMARY KEY (`id`),
  KEY `collectionId` (`collectionId`),
  CONSTRAINT `CollectionTranslations_ibfk_1` FOREIGN KEY (`collectionId`) REFERENCES `Collection` (`id`) ON DELETE CASCADE ON UPDATE CASCADE
) ENGINE=InnoDB AUTO_INCREMENT=4 DEFAULT CHARSET=utf8mb4 COLLATE=utf8mb4_unicode_ci;
/*!40101 SET character_set_client = @saved_cs_client */;

--
-- Dumping data for table `CollectionTranslations`
--

LOCK TABLES `CollectionTranslations` WRITE;
/*!40000 ALTER TABLE `CollectionTranslations` DISABLE KEYS */;
INSERT INTO `CollectionTranslations` VALUES (1,'en','Thermoplastic','Drop-in thermoplastic mold.',1,NULL,'Area collection'),(2,'en','Wood Finish','Drop-in wooden compartments.',2,NULL,'Imprint collection'),(3,'en','Wood & Aluminum','Fully customizable storing units.',3,NULL,'Autograph collection');
/*!40000 ALTER TABLE `CollectionTranslations` ENABLE KEYS */;
UNLOCK TABLES;

--
-- Table structure for table `Finish`
--

DROP TABLE IF EXISTS `Finish`;
/*!40101 SET @saved_cs_client     = @@character_set_client */;
/*!50503 SET character_set_client = utf8mb4 */;
CREATE TABLE `Finish` (
  `id` int NOT NULL AUTO_INCREMENT,
  `thumbnailUrl` varchar(255) CHARACTER SET utf8mb4 COLLATE utf8mb4_unicode_ci DEFAULT NULL,
  `slug` varchar(191) CHARACTER SET utf8mb4 COLLATE utf8mb4_unicode_ci NOT NULL,
  `externalId` varchar(191) CHARACTER SET utf8mb4 COLLATE utf8mb4_unicode_ci DEFAULT NULL,
  PRIMARY KEY (`id`),
  UNIQUE KEY `Finish.slug_unique` (`slug`),
  UNIQUE KEY `Finish.externalId_unique` (`externalId`)
) ENGINE=InnoDB AUTO_INCREMENT=12 DEFAULT CHARSET=utf8mb4 COLLATE=utf8mb4_unicode_ci;
/*!40101 SET character_set_client = @saved_cs_client */;

--
-- Dumping data for table `Finish`
--

LOCK TABLES `Finish` WRITE;
/*!40000 ALTER TABLE `Finish` DISABLE KEYS */;
INSERT INTO `Finish` VALUES (1,'images/finish/walnut.jpg','walnut',NULL),(2,'images/finish/birch.jpg','birch',NULL),(3,'images/finish/silk-white.png','silk-white',NULL),(4,'images/finish/matte-grey.png','matte-grey',NULL),(5,'images/finish/matte-grey-textured.png','matte-grey-textured',NULL),(6,NULL,'matte-black',NULL),(7,NULL,'stardust',NULL),(8,NULL,'silver-anodized',NULL),(9,NULL,'gold',NULL),(10,NULL,'silver-grey',NULL),(11,NULL,'chrome',NULL);
/*!40000 ALTER TABLE `Finish` ENABLE KEYS */;
UNLOCK TABLES;

--
-- Table structure for table `FinishTranslations`
--

DROP TABLE IF EXISTS `FinishTranslations`;
/*!40101 SET @saved_cs_client     = @@character_set_client */;
/*!50503 SET character_set_client = utf8mb4 */;
CREATE TABLE `FinishTranslations` (
  `id` int NOT NULL AUTO_INCREMENT,
  `locale` enum('en','fr') CHARACTER SET utf8mb4 COLLATE utf8mb4_unicode_ci NOT NULL,
  `name` varchar(191) CHARACTER SET utf8mb4 COLLATE utf8mb4_unicode_ci NOT NULL,
  `description` varchar(191) CHARACTER SET utf8mb4 COLLATE utf8mb4_unicode_ci DEFAULT NULL,
  `finishId` int NOT NULL,
  PRIMARY KEY (`id`),
  KEY `finishId` (`finishId`),
  CONSTRAINT `FinishTranslations_ibfk_1` FOREIGN KEY (`finishId`) REFERENCES `Finish` (`id`) ON DELETE CASCADE ON UPDATE CASCADE
) ENGINE=InnoDB AUTO_INCREMENT=12 DEFAULT CHARSET=utf8mb4 COLLATE=utf8mb4_unicode_ci;
/*!40101 SET character_set_client = @saved_cs_client */;

--
-- Dumping data for table `FinishTranslations`
--

LOCK TABLES `FinishTranslations` WRITE;
/*!40000 ALTER TABLE `FinishTranslations` DISABLE KEYS */;
INSERT INTO `FinishTranslations` VALUES (1,'en','Walnut',NULL,1),(2,'en','Birch',NULL,2),(3,'en','Silk White',NULL,3),(4,'en','Matte Grey',NULL,4),(5,'en','Matte Grey Textured',NULL,5),(6,'en','Matte Black',NULL,6),(7,'en','Stardust',NULL,7),(8,'en','Silver Anodized',NULL,8),(9,'en','Gold',NULL,9),(10,'en','Silver Grey',NULL,10),(11,'en','Chrome',NULL,11);
/*!40000 ALTER TABLE `FinishTranslations` ENABLE KEYS */;
UNLOCK TABLES;

--
-- Table structure for table `List`
--

DROP TABLE IF EXISTS `List`;
/*!40101 SET @saved_cs_client     = @@character_set_client */;
/*!50503 SET character_set_client = utf8mb4 */;
CREATE TABLE `List` (
  `id` int NOT NULL AUTO_INCREMENT,
  `externalId` varchar(191) CHARACTER SET utf8mb4 COLLATE utf8mb4_unicode_ci DEFAULT NULL,
  `name` varchar(191) CHARACTER SET utf8mb4 COLLATE utf8mb4_unicode_ci DEFAULT NULL,
  `projectId` int DEFAULT NULL,
  PRIMARY KEY (`id`),
  UNIQUE KEY `List.externalId_unique` (`externalId`),
  KEY `projectId` (`projectId`),
  CONSTRAINT `List_ibfk_1` FOREIGN KEY (`projectId`) REFERENCES `Project` (`id`) ON DELETE SET NULL ON UPDATE CASCADE
) ENGINE=InnoDB DEFAULT CHARSET=utf8mb4 COLLATE=utf8mb4_unicode_ci;
/*!40101 SET character_set_client = @saved_cs_client */;

--
-- Dumping data for table `List`
--

LOCK TABLES `List` WRITE;
/*!40000 ALTER TABLE `List` DISABLE KEYS */;
/*!40000 ALTER TABLE `List` ENABLE KEYS */;
UNLOCK TABLES;

--
-- Table structure for table `Module`
--

DROP TABLE IF EXISTS `Module`;
/*!40101 SET @saved_cs_client     = @@character_set_client */;
/*!50503 SET character_set_client = utf8mb4 */;
CREATE TABLE `Module` (
  `id` int NOT NULL AUTO_INCREMENT,
  `partNumber` varchar(191) CHARACTER SET utf8mb4 COLLATE utf8mb4_unicode_ci NOT NULL,
  `collectionId` int NOT NULL,
  `finishId` int NOT NULL,
  `rules` json DEFAULT NULL,
  `thumbnailUrl` varchar(255) CHARACTER SET utf8mb4 COLLATE utf8mb4_unicode_ci DEFAULT NULL,
  `hasPegs` tinyint(1) NOT NULL DEFAULT '0',
  `isSubmodule` tinyint(1) NOT NULL DEFAULT '0',
  `bundleUrl` varchar(255) CHARACTER SET utf8mb4 COLLATE utf8mb4_unicode_ci DEFAULT NULL,
  `isExtension` tinyint(1) NOT NULL DEFAULT '0',
  `isMat` tinyint(1) NOT NULL DEFAULT '0',
  `description` varchar(191) CHARACTER SET utf8mb4 COLLATE utf8mb4_unicode_ci DEFAULT NULL,
  `shouldHideBasedOnWidth` tinyint(1) NOT NULL DEFAULT '0',
  `defaultLeftExtensionId` int DEFAULT NULL,
  `defaultRightExtensionId` int DEFAULT NULL,
  `attachmentToAppendId` int DEFAULT NULL,
  `alwaysDisplay` tinyint(1) NOT NULL DEFAULT '0',
  `isEdge` tinyint(1) NOT NULL DEFAULT '0',
  `createdAt` datetime NOT NULL DEFAULT CURRENT_TIMESTAMP,
  `updatedAt` datetime NOT NULL DEFAULT CURRENT_TIMESTAMP,
  `externalId` varchar(191) CHARACTER SET utf8mb4 COLLATE utf8mb4_unicode_ci DEFAULT NULL,
  PRIMARY KEY (`id`),
  UNIQUE KEY `Module.partNumber_unique` (`partNumber`),
  UNIQUE KEY `Module.externalId_unique` (`externalId`),
  KEY `finishId` (`finishId`),
  KEY `collectionId` (`collectionId`),
  KEY `defaultLeftExtensionId` (`defaultLeftExtensionId`),
  KEY `defaultRightExtensionId` (`defaultRightExtensionId`),
  KEY `attachmentToAppendId` (`attachmentToAppendId`),
  CONSTRAINT `Module_ibfk_1` FOREIGN KEY (`finishId`) REFERENCES `Finish` (`id`) ON DELETE CASCADE ON UPDATE CASCADE,
  CONSTRAINT `Module_ibfk_2` FOREIGN KEY (`collectionId`) REFERENCES `Collection` (`id`) ON DELETE CASCADE ON UPDATE CASCADE,
  CONSTRAINT `Module_ibfk_3` FOREIGN KEY (`defaultLeftExtensionId`) REFERENCES `Module` (`id`) ON DELETE SET NULL ON UPDATE CASCADE,
  CONSTRAINT `Module_ibfk_4` FOREIGN KEY (`defaultRightExtensionId`) REFERENCES `Module` (`id`) ON DELETE SET NULL ON UPDATE CASCADE,
  CONSTRAINT `Module_ibfk_5` FOREIGN KEY (`attachmentToAppendId`) REFERENCES `Module` (`id`) ON DELETE SET NULL ON UPDATE CASCADE
) ENGINE=InnoDB AUTO_INCREMENT=183 DEFAULT CHARSET=utf8mb4 COLLATE=utf8mb4_unicode_ci;
/*!40101 SET character_set_client = @saved_cs_client */;

--
-- Dumping data for table `Module`
--

LOCK TABLES `Module` WRITE;
/*!40000 ALTER TABLE `Module` DISABLE KEYS */;
INSERT INTO `Module` VALUES (1,'04-IM-BIR-CT-EXTENSION',2,2,'{\"rules\": {\"rotation\": 180, \"fullDepth\": true, \"trimmable\": [\"left\", \"right\", \"top\"]}, \"finishes\": [\"04-IM-WAL-CT-EXTENSION\"], \"dimensions\": {\"depth\": {\"max\": {\"inches\": \"23\\\" 3/16\", \"millimeters\": 589}, \"min\": {\"inches\": \"14\\\" 13/32\", \"millimeters\": 366}}, \"width\": {\"max\": {\"inches\": \"6\\\"\", \"millimeters\": 152.4}}}, \"partNumber\": \"04-IM-BIR-CT-EXTENSION\"}','images/module/imprint/04-IM-xxx-CT-EXTENSION/04-IM-BIR-CT-EXTENSION/04-IM-BIR-CT-EXTENSION.jpg',0,0,'modules/imprint/04-im-xxx-ct-extension/04-im-bir-ct-extension/module',1,0,NULL,0,NULL,NULL,NULL,0,0,'2021-12-20 13:47:31','2021-12-20 13:47:31',NULL),(2,'04-IM-WAL-CT-EXTENSION',2,1,'{\"rules\": {\"rotation\": 180, \"fullDepth\": true, \"trimmable\": [\"left\", \"right\", \"top\"]}, \"finishes\": [\"04-IM-BIR-CT-EXTENSION\"], \"dimensions\": {\"depth\": {\"max\": {\"inches\": \"23\\\" 3/16\", \"millimeters\": 589}, \"min\": {\"inches\": \"14\\\" 13/32\", \"millimeters\": 366}}, \"width\": {\"max\": {\"inches\": \"6\\\"\", \"millimeters\": 152.4}}}, \"partNumber\": \"04-IM-WAL-CT-EXTENSION\"}','images/module/imprint/04-IM-xxx-CT-EXTENSION/04-IM-WAL-CT-EXTENSION/04-IM-WAL-CT-EXTENSION.jpg',0,0,'modules/imprint/04-im-xxx-ct-extension/04-im-wal-ct-extension/module',1,0,NULL,0,NULL,NULL,NULL,0,0,'2021-12-20 13:47:31','2021-12-20 13:47:31',NULL),(3,'04-IM-BIR-CT2',2,2,'{\"rules\": {\"rotation\": 0, \"fullDepth\": true, \"trimmable\": [\"top\"], \"requiredNetInterior\": {\"max\": {\"inches\": \"18\\\"\", \"millimeters\": 457.2}, \"min\": {\"inches\": \"6\\\"\", \"millimeters\": 152.4}}}, \"finishes\": [\"04-IM-WAL-CT2\"], \"dimensions\": {\"depth\": {\"max\": {\"inches\": \"23\\\" 3/16\", \"millimeters\": 589}, \"min\": {\"inches\": \"14\\\" 13/32\", \"millimeters\": 366}}, \"width\": {\"max\": {\"inches\": \"6\\\"\", \"millimeters\": 152.4}, \"min\": {\"inches\": \"6\\\"\", \"millimeters\": 152.4}}, \"height\": {\"inches\": \"2\\\" 5/32\", \"millimeters\": 55}}, \"extensions\": {\"left\": \"04-IM-BIR-CT-EXTENSION\", \"right\": \"04-IM-BIR-CT-EXTENSION\", \"options\": [\"04-IM-BIR-UT-B\", \"04-IM-BIR-UT-D\", \"04-IM-BIR-KNIFE-B\", \"04-IM-BIR-SPICE-H\", \"04-IM-BIR-DIVIDER-H55\"]}, \"partNumber\": \"04-IM-BIR-CT2\"}','images/module/imprint/04-IM-xxx-CT2/04-IM-BIR-CT2/04-IM-BIR-CT2.jpg',0,0,'modules/imprint/04-im-xxx-ct2/04-im-bir-ct2/module',0,0,NULL,1,1,1,NULL,0,0,'2021-12-20 13:47:31','2021-12-20 13:47:31',NULL),(4,'04-IM-WAL-CT2',2,1,'{\"rules\": {\"rotation\": 0, \"fullDepth\": true, \"trimmable\": [\"top\"], \"requiredNetInterior\": {\"max\": {\"inches\": \"18\\\"\", \"millimeters\": 457.2}, \"min\": {\"inches\": \"6\\\"\", \"millimeters\": 152.4}}}, \"finishes\": [\"04-IM-BIR-CT2\"], \"dimensions\": {\"depth\": {\"max\": {\"inches\": \"23\\\" 3/16\", \"millimeters\": 589}, \"min\": {\"inches\": \"14\\\" 13/32\", \"millimeters\": 366}}, \"width\": {\"max\": {\"inches\": \"6\\\"\", \"millimeters\": 152.4}, \"min\": {\"inches\": \"6\\\"\", \"millimeters\": 152.4}}, \"height\": {\"inches\": \"2\\\" 5/32\", \"millimeters\": 55}}, \"extensions\": {\"left\": \"04-IM-WAL-CT-EXTENSION\", \"right\": \"04-IM-WAL-CT-EXTENSION\", \"options\": [\"04-IM-WAL-UT-B\", \"04-IM-WAL-UT-D\", \"04-IM-WAL-KNIFE-B\", \"04-IM-WAL-SPICE-H\", \"04-IM-WAL-DIVIDER-H55\"]}, \"partNumber\": \"04-IM-WAL-CT2\"}','images/module/imprint/04-IM-xxx-CT2/04-IM-WAL-CT2/04-IM-WAL-CT2.jpg',0,0,'modules/imprint/04-im-xxx-ct2/04-im-wal-ct2/module',0,0,NULL,1,2,2,NULL,0,0,'2021-12-20 13:47:31','2021-10-20 13:47:31',NULL),(5,'04-IM-BIR-CT3',2,2,'{\"rules\": {\"rotation\": 0, \"fullDepth\": true, \"trimmable\": [\"top\"], \"requiredNetInterior\": {\"max\": {\"inches\": \"21\\\"\", \"millimeters\": 533.4}, \"min\": {\"inches\": \"9\\\"\", \"millimeters\": 228.6}}}, \"finishes\": [\"04-IM-WAL-CT3\"], \"dimensions\": {\"depth\": {\"max\": {\"inches\": \"23\\\" 3/16\", \"millimeters\": 589}, \"min\": {\"inches\": \"14\\\" 13/32\", \"millimeters\": 366}}, \"width\": {\"max\": {\"inches\": \"9\\\"\", \"millimeters\": 228.6}, \"min\": {\"inches\": \"9\\\"\", \"millimeters\": 228.6}}, \"height\": {\"inches\": \"2\\\" 5/32\", \"millimeters\": 55}}, \"extensions\": {\"left\": \"04-IM-BIR-CT-EXTENSION\", \"right\": \"04-IM-BIR-CT-EXTENSION\", \"options\": [\"04-IM-BIR-UT-B\", \"04-IM-BIR-UT-D\", \"04-IM-BIR-KNIFE-B\", \"04-IM-BIR-SPICE-H\", \"04-IM-BIR-DIVIDER-H55\"]}, \"partNumber\": \"04-IM-BIR-CT3\"}','images/module/imprint/04-IM-xxx-CT3/04-IM-BIR-CT3/04-IM-BIR-CT3.jpg',0,0,'modules/imprint/04-im-xxx-ct3/04-im-bir-ct3/module',0,0,NULL,1,1,1,NULL,0,0,'2021-12-20 13:47:31','2021-12-20 13:47:31',NULL),(6,'04-IM-WAL-CT3',2,1,'{\"rules\": {\"rotation\": 0, \"fullDepth\": true, \"trimmable\": [\"top\"], \"requiredNetInterior\": {\"max\": {\"inches\": \"21\\\"\", \"millimeters\": 533.4}, \"min\": {\"inches\": \"9\\\"\", \"millimeters\": 228.6}}}, \"finishes\": [\"04-IM-BIR-CT3\"], \"dimensions\": {\"depth\": {\"max\": {\"inches\": \"23\\\" 3/16\", \"millimeters\": 589}, \"min\": {\"inches\": \"14\\\" 13/32\", \"millimeters\": 366}}, \"width\": {\"max\": {\"inches\": \"9\\\"\", \"millimeters\": 228.6}, \"min\": {\"inches\": \"9\\\"\", \"millimeters\": 228.6}}, \"height\": {\"inches\": \"2\\\" 5/32\", \"millimeters\": 55}}, \"extensions\": {\"left\": \"04-IM-WAL-CT-EXTENSION\", \"right\": \"04-IM-WAL-CT-EXTENSION\", \"options\": [\"04-IM-WAL-UT-B\", \"04-IM-WAL-UT-D\", \"04-IM-WAL-KNIFE-B\", \"04-IM-WAL-SPICE-H\", \"04-IM-WAL-DIVIDER-H55\"]}, \"partNumber\": \"04-IM-WAL-CT3\"}','images/module/imprint/04-IM-xxx-CT3/04-IM-WAL-CT3/04-IM-WAL-CT3.jpg',0,0,'modules/imprint/04-im-xxx-ct3/04-im-wal-ct3/module',0,0,NULL,1,2,2,NULL,0,0,'2021-12-20 13:47:31','2021-12-20 13:47:31',NULL),(7,'04-IM-BIR-CT4',2,2,'{\"rules\": {\"rotation\": 0, \"fullDepth\": true, \"trimmable\": [\"top\"], \"requiredNetInterior\": {\"max\": {\"inches\": \"24\\\"\", \"millimeters\": 609.6}, \"min\": {\"inches\": \"12\\\"\", \"millimeters\": 304.8}}}, \"finishes\": [\"04-IM-WAL-CT4\"], \"dimensions\": {\"depth\": {\"max\": {\"inches\": \"23\\\" 3/16\", \"millimeters\": 589}, \"min\": {\"inches\": \"14\\\" 13/32\", \"millimeters\": 366}}, \"width\": {\"max\": {\"inches\": \"12\\\"\", \"millimeters\": 304.8}, \"min\": {\"inches\": \"12\\\"\", \"millimeters\": 304.8}}, \"height\": {\"inches\": \"2\\\" 5/32\", \"millimeters\": 55}}, \"extensions\": {\"left\": \"04-IM-BIR-CT-EXTENSION\", \"right\": \"04-IM-BIR-CT-EXTENSION\", \"options\": [\"04-IM-BIR-UT-B\", \"04-IM-BIR-UT-D\", \"04-IM-BIR-KNIFE-B\", \"04-IM-BIR-SPICE-H\", \"04-IM-BIR-DIVIDER-H55\"]}, \"partNumber\": \"04-IM-BIR-CT4\"}','images/module/imprint/04-IM-xxx-CT4/04-IM-BIR-CT4/04-IM-BIR-CT4.jpg',0,0,'modules/imprint/04-im-xxx-ct4/04-im-bir-ct4/module',0,0,NULL,1,1,1,NULL,0,0,'2021-12-20 13:47:31','2021-12-20 13:47:31',NULL),(8,'04-IM-WAL-CT4',2,1,'{\"rules\": {\"rotation\": 0, \"fullDepth\": true, \"trimmable\": [\"top\"], \"requiredNetInterior\": {\"max\": {\"inches\": \"24\\\"\", \"millimeters\": 609.6}, \"min\": {\"inches\": \"12\\\"\", \"millimeters\": 304.8}}}, \"finishes\": [\"04-IM-BIR-CT4\"], \"dimensions\": {\"depth\": {\"max\": {\"inches\": \"23\\\" 3/16\", \"millimeters\": 589}, \"min\": {\"inches\": \"14\\\" 13/32\", \"millimeters\": 366}}, \"width\": {\"max\": {\"inches\": \"12\\\"\", \"millimeters\": 304.8}, \"min\": {\"inches\": \"12\\\"\", \"millimeters\": 304.8}}, \"height\": {\"inches\": \"2\\\" 5/32\", \"millimeters\": 55}}, \"extensions\": {\"left\": \"04-IM-WAL-CT-EXTENSION\", \"right\": \"04-IM-WAL-CT-EXTENSION\", \"options\": [\"04-IM-WAL-UT-B\", \"04-IM-WAL-UT-D\", \"04-IM-WAL-KNIFE-B\", \"04-IM-WAL-SPICE-H\", \"04-IM-WAL-DIVIDER-H55\"]}, \"partNumber\": \"04-IM-WAL-CT4\"}','images/module/imprint/04-IM-xxx-CT4/04-IM-WAL-CT4/04-IM-WAL-CT4.jpg',0,0,'modules/imprint/04-im-xxx-ct4/04-im-wal-ct4/module',0,0,NULL,1,2,2,NULL,0,0,'2021-12-20 13:47:31','2021-12-20 13:47:31',NULL),(9,'04-IM-BIR-CT5',2,2,'{\"rules\": {\"rotation\": 0, \"fullDepth\": true, \"trimmable\": [\"top\"], \"requiredNetInterior\": {\"max\": {\"inches\": \"24\\\"\", \"millimeters\": 609.6}, \"min\": {\"inches\": \"12\\\"\", \"millimeters\": 304.8}}}, \"finishes\": [\"04-IM-WAL-CT5\"], \"dimensions\": {\"depth\": {\"max\": {\"inches\": \"23\\\" 3/16\", \"millimeters\": 589}, \"min\": {\"inches\": \"14\\\" 13/32\", \"millimeters\": 366}}, \"width\": {\"max\": {\"inches\": \"12\\\"\", \"millimeters\": 304.8}, \"min\": {\"inches\": \"12\\\"\", \"millimeters\": 304.8}}, \"height\": {\"inches\": \"2\\\" 5/32\", \"millimeters\": 55}}, \"extensions\": {\"left\": \"04-IM-BIR-CT-EXTENSION\", \"right\": \"04-IM-BIR-CT-EXTENSION\", \"options\": [\"04-IM-BIR-UT-B\", \"04-IM-BIR-UT-D\", \"04-IM-BIR-KNIFE-B\", \"04-IM-BIR-SPICE-H\", \"04-IM-BIR-DIVIDER-H55\"]}, \"partNumber\": \"04-IM-BIR-CT5\"}','images/module/imprint/04-IM-xxx-CT5/04-IM-BIR-CT5/04-IM-BIR-CT5.jpg',0,0,'modules/imprint/04-im-xxx-ct5/04-im-bir-ct5/module',0,0,NULL,1,1,1,NULL,0,0,'2021-12-20 13:47:31','2021-12-20 13:47:31',NULL),(10,'04-IM-WAL-CT5',2,1,'{\"rules\": {\"rotation\": 0, \"fullDepth\": true, \"trimmable\": [\"top\"], \"requiredNetInterior\": {\"max\": {\"inches\": \"24\\\"\", \"millimeters\": 609.6}, \"min\": {\"inches\": \"12\\\"\", \"millimeters\": 304.8}}}, \"finishes\": [\"04-IM-BIR-CT5\"], \"dimensions\": {\"depth\": {\"max\": {\"inches\": \"23\\\" 3/16\", \"millimeters\": 589}, \"min\": {\"inches\": \"14\\\" 13/32\", \"millimeters\": 366}}, \"width\": {\"max\": {\"inches\": \"12\\\"\", \"millimeters\": 304.8}, \"min\": {\"inches\": \"12\\\"\", \"millimeters\": 304.8}}, \"height\": {\"inches\": \"2\\\" 5/32\", \"millimeters\": 55}}, \"extensions\": {\"left\": \"04-IM-WAL-CT-EXTENSION\", \"right\": \"04-IM-WAL-CT-EXTENSION\", \"options\": [\"04-IM-WAL-UT-B\", \"04-IM-WAL-UT-D\", \"04-IM-WAL-KNIFE-B\", \"04-IM-WAL-SPICE-H\", \"04-IM-WAL-DIVIDER-H55\"]}, \"partNumber\": \"04-IM-WAL-CT5\"}','images/module/imprint/04-IM-xxx-CT5/04-IM-WAL-CT5/04-IM-WAL-CT5.jpg',0,0,'modules/imprint/04-im-xxx-ct5/04-im-wal-ct5/module',0,0,NULL,1,2,2,NULL,0,0,'2021-12-20 13:47:31','2021-12-20 13:47:31',NULL),(11,'04-IM-BIR-DIVIDER-H55',2,2,'{\"rules\": {\"rotation\": 0, \"fullDepth\": true, \"trimmable\": [\"top\", \"bottom\"]}, \"finishes\": [\"04-IM-WAL-DIVIDER-H55\"], \"dimensions\": {\"depth\": {\"max\": {\"inches\": \"23\\\" 3/16\", \"millimeters\": 589}}, \"height\": {\"inches\": \"2\\\" 5/32\", \"millimeters\": 55}}, \"partNumber\": \"04-IM-BIR-DIVIDER-H55\"}','images/module/imprint/04-IM-xxx-DIVIDER-H55/04-IM-BIR-DIVIDER-H55/04-IM-BIR-DIVIDER-H55.jpg',0,0,'modules/imprint/04-im-xxx-divider-h55/04-im-bir-divider-h55/module',1,0,NULL,0,NULL,NULL,NULL,0,0,'2021-12-20 13:47:31','2021-12-20 13:47:31',NULL),(12,'04-IM-WAL-DIVIDER-H55',2,1,'{\"rules\": {\"rotation\": 0, \"fullDepth\": true, \"trimmable\": [\"top\", \"bottom\"]}, \"finishes\": [\"04-IM-BIR-DIVIDER-H55\"], \"dimensions\": {\"depth\": {\"max\": {\"inches\": \"23\\\" 3/16\", \"millimeters\": 589}}, \"height\": {\"inches\": \"2\\\" 5/32\", \"millimeters\": 55}}, \"partNumber\": \"04-IM-WAL-DIVIDER-H55\"}','images/module/imprint/04-IM-xxx-DIVIDER-H55/04-IM-WAL-DIVIDER-H55/04-IM-WAL-DIVIDER-H55.jpg',0,0,'modules/imprint/04-im-xxx-divider-h55/04-im-wal-divider-h55/module',1,0,NULL,0,NULL,NULL,NULL,0,0,'2021-12-20 13:47:31','2021-12-20 13:47:31',NULL),(13,'04-IM-BIR-KNIFE-B',2,2,'{\"rules\": {\"rotation\": 0, \"fullDepth\": true, \"trimmable\": [\"bottom\"], \"requiredNetInterior\": {\"max\": {\"inches\": \"6\\\"\", \"millimeters\": 152.4}}}, \"finishes\": [\"04-IM-WAL-KNIFE-B\"], \"dimensions\": {\"depth\": {\"max\": {\"inches\": \"23\\\" 3/16\", \"millimeters\": 589}, \"min\": {\"inches\": \"15\\\" 15/16\", \"millimeters\": 405}}, \"width\": {\"max\": {\"inches\": \"6\\\"\", \"millimeters\": 152.4}, \"min\": {\"inches\": \"6\\\"\", \"millimeters\": 152.4}}, \"height\": {\"inches\": \"2\\\" 5/32\", \"millimeters\": 55}}, \"partNumber\": \"04-IM-BIR-KNIFE-B\"}','images/module/imprint/04-IM-xxx-KNIFE-B/04-IM-BIR-KNIFE-B/04-IM-BIR-KNIFE-B.jpg',0,0,'modules/imprint/04-im-xxx-knife-b/04-im-bir-knife-b/module',1,0,NULL,0,NULL,NULL,NULL,0,0,'2021-12-20 13:47:31','2021-12-20 13:47:31',NULL),(14,'04-IM-WAL-KNIFE-B',2,1,'{\"rules\": {\"rotation\": 0, \"fullDepth\": true, \"trimmable\": [\"bottom\"], \"requiredNetInterior\": {\"max\": {\"inches\": \"6\\\"\", \"millimeters\": 152.4}}}, \"finishes\": [\"04-IM-BIR-KNIFE-B\"], \"dimensions\": {\"depth\": {\"max\": {\"inches\": \"23\\\" 3/16\", \"millimeters\": 589}, \"min\": {\"inches\": \"15\\\" 15/16\", \"millimeters\": 405}}, \"width\": {\"max\": {\"inches\": \"6\\\"\", \"millimeters\": 152.4}, \"min\": {\"inches\": \"6\\\"\", \"millimeters\": 152.4}}, \"height\": {\"inches\": \"2\\\" 5/32\", \"millimeters\": 55}}, \"partNumber\": \"04-IM-WAL-KNIFE-B\"}','images/module/imprint/04-IM-xxx-KNIFE-B/04-IM-WAL-KNIFE-B/04-IM-WAL-KNIFE-B.jpg',0,0,'modules/imprint/04-im-xxx-knife-b/04-im-wal-knife-b/module',1,0,NULL,0,NULL,NULL,NULL,0,0,'2021-12-20 13:47:31','2021-12-20 13:47:31',NULL),(15,'04-IM-BIR-PARTN240-H125',2,2,'{\"rules\": {\"rotation\": 90}, \"finishes\": [\"04-IM-WAL-PARTN240-H125\"], \"dimensions\": {\"depth\": {\"max\": {\"inches\": \"9\\\" 7/16\", \"millimeters\": 240}, \"min\": {\"inches\": \"9\\\" 7/16\", \"millimeters\": 240}}, \"width\": {\"max\": {\"inches\": \"10\\\"\", \"millimeters\": 254}, \"min\": {\"inches\": \"10\\\"\", \"millimeters\": 254}}, \"height\": {\"inches\": \"4\\\" 29/32\", \"millimeters\": 125}}, \"partNumber\": \"04-IM-BIR-PARTN240-H125\"}','images/module/imprint/04-IM-xxx-PARTN240-H125/04-IM-BIR-PARTN240-H125/04-IM-BIR-PARTN240-H125.jpg',1,0,'modules/imprint/04-im-xxx-partn240-h125/04-im-bir-partn240-h125/module',0,0,NULL,0,NULL,NULL,NULL,0,0,'2021-12-20 13:47:31','2021-12-20 13:47:31',NULL),(16,'04-IM-WAL-PARTN240-H125',2,1,'{\"rules\": {\"rotation\": 90}, \"finishes\": [\"04-IM-BIR-PARTN240-H125\"], \"dimensions\": {\"depth\": {\"max\": {\"inches\": \"9\\\" 7/16\", \"millimeters\": 240}, \"min\": {\"inches\": \"9\\\" 7/16\", \"millimeters\": 240}}, \"width\": {\"max\": {\"inches\": \"10\\\"\", \"millimeters\": 254}, \"min\": {\"inches\": \"10\\\"\", \"millimeters\": 254}}, \"height\": {\"inches\": \"4\\\" 29/32\", \"millimeters\": 125}}, \"partNumber\": \"04-IM-WAL-PARTN240-H125\"}','images/module/imprint/04-IM-xxx-PARTN240-H125/04-IM-WAL-PARTN240-H125/04-IM-WAL-PARTN240-H125.jpg',1,0,'modules/imprint/04-im-xxx-partn240-h125/04-im-wal-partn240-h125/module',0,0,NULL,0,NULL,NULL,NULL,0,0,'2021-12-20 13:47:31','2021-12-20 13:47:31',NULL),(17,'04-IM-BIR-PARTN448-H125',2,2,'{\"rules\": {\"rotation\": 90}, \"finishes\": [\"04-IM-WAL-PARTN448-H125\"], \"dimensions\": {\"depth\": {\"max\": {\"inches\": \"17\\\" 5/8\", \"millimeters\": 448}, \"min\": {\"inches\": \"17\\\" 5/8\", \"millimeters\": 448}}, \"width\": {\"max\": {\"inches\": \"10\\\"\", \"millimeters\": 254}, \"min\": {\"inches\": \"10\\\"\", \"millimeters\": 254}}, \"height\": {\"inches\": \"4\\\" 29/32\", \"millimeters\": 125}}, \"partNumber\": \"04-IM-BIR-PARTN448-H125\"}','images/module/imprint/04-IM-xxx-PARTN448-H125/04-IM-BIR-PARTN448-H125/04-IM-BIR-PARTN448-H125.jpg',1,0,'modules/imprint/04-im-xxx-partn448-h125/04-im-bir-partn448-h125/module',0,0,NULL,0,NULL,NULL,NULL,0,0,'2021-12-20 13:47:31','2021-12-20 13:47:31',NULL),(18,'04-IM-WAL-PARTN448-H125',2,1,'{\"rules\": {\"rotation\": 90}, \"finishes\": [\"04-IM-BIR-PARTN448-H125\"], \"dimensions\": {\"depth\": {\"max\": {\"inches\": \"17\\\" 5/8\", \"millimeters\": 448}, \"min\": {\"inches\": \"17\\\" 5/8\", \"millimeters\": 448}}, \"width\": {\"max\": {\"inches\": \"10\\\"\", \"millimeters\": 254}, \"min\": {\"inches\": \"10\\\"\", \"millimeters\": 254}}, \"height\": {\"inches\": \"4\\\" 29/32\", \"millimeters\": 125}}, \"partNumber\": \"04-IM-WAL-PARTN448-H125\"}','images/module/imprint/04-IM-xxx-PARTN448-H125/04-IM-WAL-PARTN448-H125/04-IM-WAL-PARTN448-H125.jpg',1,0,'modules/imprint/04-im-xxx-partn448-h125/04-im-wal-partn448-h125/module',0,0,NULL,0,NULL,NULL,NULL,0,0,'2021-12-20 13:47:31','2021-12-20 13:47:31',NULL),(19,'04-IM-BIR-SPICE-H',2,2,'{\"rules\": {\"rotation\": 0, \"fullDepth\": true, \"trimmable\": [\"left\", \"right\", \"top\"], \"requiredNetInterior\": {\"max\": {\"inches\": \"21\\\" 1/2\", \"millimeters\": 546.1}, \"min\": {\"inches\": \"0\\\"\", \"millimeters\": 0}}}, \"finishes\": [\"04-IM-WAL-SPICE-H\"], \"dimensions\": {\"depth\": {\"max\": {\"inches\": \"23\\\" 3/16\", \"millimeters\": 589}, \"min\": {\"inches\": \"15\\\" 15/16\", \"millimeters\": 405}}, \"width\": {\"max\": {\"inches\": \"21\\\" 1/2\", \"millimeters\": 546.1}}, \"height\": {\"inches\": \"1\\\" 3/8\", \"millimeters\": 35}}, \"partNumber\": \"04-IM-BIR-SPICE-H\"}','images/module/imprint/04-IM-xxx-SPICE-H/04-IM-BIR-SPICE-H/04-IM-BIR-SPICE-H.jpg',0,0,'modules/imprint/04-im-xxx-spice-h/04-im-bir-spice-h/module',1,0,NULL,0,NULL,NULL,NULL,0,0,'2021-12-20 13:47:31','2021-12-20 13:47:31',NULL),(20,'04-IM-WAL-SPICE-H',2,1,'{\"rules\": {\"rotation\": 0, \"fullDepth\": true, \"trimmable\": [\"left\", \"right\", \"top\"], \"requiredNetInterior\": {\"max\": {\"inches\": \"21\\\" 1/2\", \"millimeters\": 546.1}, \"min\": {\"inches\": \"0\\\"\", \"millimeters\": 0}}}, \"finishes\": [\"04-IM-BIR-SPICE-H\"], \"dimensions\": {\"depth\": {\"max\": {\"inches\": \"23\\\" 3/16\", \"millimeters\": 589}, \"min\": {\"inches\": \"15\\\" 15/16\", \"millimeters\": 405}}, \"width\": {\"max\": {\"inches\": \"21\\\" 1/2\", \"millimeters\": 546.1}}, \"height\": {\"inches\": \"1\\\" 3/8\", \"millimeters\": 35}}, \"partNumber\": \"04-IM-WAL-SPICE-H\"}','images/module/imprint/04-IM-xxx-SPICE-H/04-IM-WAL-SPICE-H/04-IM-WAL-SPICE-H.jpg',0,0,'modules/imprint/04-im-xxx-spice-h/04-im-wal-spice-h/module',1,0,NULL,0,NULL,NULL,NULL,0,0,'2021-12-20 13:47:31','2021-12-20 13:47:31',NULL),(21,'04-IM-BIR-UT-B',2,2,'{\"rules\": {\"rotation\": 180, \"fullDepth\": true, \"trimmable\": [\"left\", \"right\", \"top\", \"bottom\"], \"requiredNetInterior\": {\"max\": {\"inches\": \"6\\\"\", \"millimeters\": 152.4}, \"min\": {\"inches\": \"0\\\"\", \"millimeters\": 0}}}, \"finishes\": [\"04-IM-WAL-UT-B\"], \"dimensions\": {\"depth\": {\"max\": {\"inches\": \"23\\\" 3/16\", \"millimeters\": 589}}, \"width\": {\"max\": {\"inches\": \"6\\\"\", \"millimeters\": 152.4}}, \"height\": {\"inches\": \"2\\\" 5/32\", \"millimeters\": 55}}, \"partNumber\": \"04-IM-BIR-UT-B\"}','images/module/imprint/04-IM-xxx-UT-B/04-IM-BIR-UT-B/IMG_NoImage.png',0,0,'modules/imprint/04-im-xxx-ut-b/04-im-bir-ut-b/module',1,0,NULL,0,NULL,NULL,NULL,0,0,'2021-12-20 13:47:31','2021-12-20 13:47:31',NULL),(22,'04-IM-WAL-UT-B',2,1,'{\"rules\": {\"rotation\": 180, \"fullDepth\": true, \"trimmable\": [\"left\", \"right\", \"top\", \"bottom\"], \"requiredNetInterior\": {\"max\": {\"inches\": \"6\\\"\", \"millimeters\": 152.4}, \"min\": {\"inches\": \"0\\\"\", \"millimeters\": 0}}}, \"finishes\": [\"04-IM-BIR-UT-B\"], \"dimensions\": {\"depth\": {\"max\": {\"inches\": \"23\\\" 3/16\", \"millimeters\": 589}}, \"width\": {\"max\": {\"inches\": \"6\\\"\", \"millimeters\": 152.4}}, \"height\": {\"inches\": \"2\\\" 5/32\", \"millimeters\": 55}}, \"partNumber\": \"04-IM-WAL-UT-B\"}','images/module/imprint/04-IM-xxx-UT-B/04-IM-WAL-UT-B/IMG_NoImage.png',0,0,'modules/imprint/04-im-xxx-ut-b/04-im-wal-ut-b/module',1,0,NULL,0,NULL,NULL,NULL,0,0,'2021-12-20 13:47:31','2021-12-20 13:47:31',NULL),(23,'04-IM-BIR-UT-D',2,2,'{\"rules\": {\"rotation\": 180, \"fullDepth\": true, \"trimmable\": [\"left\", \"right\", \"top\", \"bottom\"], \"requiredNetInterior\": {\"max\": {\"inches\": \"12\\\"\", \"millimeters\": 304.8}, \"min\": {\"inches\": \"0\\\"\", \"millimeters\": 0}}}, \"finishes\": [\"04-IM-WAL-UT-D\"], \"dimensions\": {\"depth\": {\"max\": {\"inches\": \"23\\\" 3/16\", \"millimeters\": 589}}, \"width\": {\"max\": {\"inches\": \"12\\\"\", \"millimeters\": 304.8}}, \"height\": {\"inches\": \"2\\\" 5/32\", \"millimeters\": 55}}, \"partNumber\": \"04-IM-BIR-UT-D\"}','images/module/imprint/04-IM-xxx-UT-D/04-IM-BIR-UT-D/04-IM-BIR-UT-D.jpg',0,0,'modules/imprint/04-im-xxx-ut-d/04-im-bir-ut-d/module',1,0,NULL,0,NULL,NULL,NULL,0,0,'2021-12-20 13:47:31','2021-12-20 13:47:31',NULL),(24,'04-IM-WAL-UT-D',2,1,'{\"rules\": {\"rotation\": 180, \"fullDepth\": true, \"trimmable\": [\"left\", \"right\", \"top\", \"bottom\"], \"requiredNetInterior\": {\"max\": {\"inches\": \"12\\\"\", \"millimeters\": 304.8}, \"min\": {\"inches\": \"0\\\"\", \"millimeters\": 0}}}, \"finishes\": [\"04-IM-BIR-UT-D\"], \"dimensions\": {\"depth\": {\"max\": {\"inches\": \"23\\\" 3/16\", \"millimeters\": 589}}, \"width\": {\"max\": {\"inches\": \"12\\\"\", \"millimeters\": 304.8}}, \"height\": {\"inches\": \"2\\\" 5/32\", \"millimeters\": 55}}, \"partNumber\": \"04-IM-WAL-UT-D\"}','images/module/imprint/04-IM-xxx-UT-D/04-IM-WAL-UT-D/04-IM-WAL-UT-D.jpg',0,0,'modules/imprint/04-im-xxx-ut-d/04-im-wal-ut-d/module',1,0,NULL,0,NULL,NULL,NULL,0,0,'2021-12-20 13:47:31','2021-12-20 13:47:31',NULL),(25,'04-PEG-BIR-H160',2,2,'{\"rules\": {\"rotation\": 0}, \"finishes\": [\"04-PEG-WAL-H160\"], \"dimensions\": {\"depth\": {\"max\": {\"inches\": \"25\\\"\", \"millimeters\": 635}, \"min\": {\"inches\": \"25\\\"\", \"millimeters\": 635}}, \"width\": {\"max\": {\"inches\": \"25\\\"\", \"millimeters\": 635}, \"min\": {\"inches\": \"25\\\"\", \"millimeters\": 635}}, \"height\": {\"inches\": \"6\\\" 5/16\", \"millimeters\": 160}}, \"partNumber\": \"04-PEG-BIR-H160\"}','images/module/imprint/04-PEG-xxx-H160/04-PEG-BIR-H160/04-PEG-BIR-H160.jpg',1,0,'modules/imprint/04-peg-xxx-h160/04-peg-bir-h160/module',0,0,NULL,0,NULL,NULL,NULL,0,0,'2021-12-20 13:47:31','2021-12-20 13:47:31',NULL),(26,'04-PEG-WAL-H160',2,1,'{\"rules\": {\"rotation\": 0}, \"finishes\": [\"04-PEG-BIR-H160\"], \"dimensions\": {\"depth\": {\"max\": {\"inches\": \"25\\\"\", \"millimeters\": 635}, \"min\": {\"inches\": \"25\\\"\", \"millimeters\": 635}}, \"width\": {\"max\": {\"inches\": \"25\\\"\", \"millimeters\": 635}, \"min\": {\"inches\": \"25\\\"\", \"millimeters\": 635}}, \"height\": {\"inches\": \"6\\\" 5/16\", \"millimeters\": 160}}, \"partNumber\": \"04-PEG-WAL-H160\"}','images/module/imprint/04-PEG-xxx-H160/04-PEG-WAL-H160/04-PEG-WAL-H160.jpg',1,0,'modules/imprint/04-peg-xxx-h160/04-peg-wal-h160/module',0,0,NULL,0,NULL,NULL,NULL,0,0,'2021-12-20 13:47:31','2021-12-20 13:47:31',NULL),(27,'04-PEGBOARD-BIR-H',2,2,'{\"rules\": {\"rotation\": 0, \"trimmable\": [\"left\", \"right\", \"bottom\"], \"requiredNetInterior\": {\"max\": {\"inches\": \"21\\\" 1/2\", \"millimeters\": 546.1}, \"min\": {\"inches\": \"0\\\"\", \"millimeters\": 0}}}, \"finishes\": [\"04-PEGBOARD-WAL-H\"], \"dimensions\": {\"depth\": {\"max\": {\"inches\": \"23\\\" 3/16\", \"millimeters\": 589}}, \"width\": {\"max\": {\"inches\": \"21\\\" 1/2\", \"millimeters\": 546.1}}, \"height\": {\"inches\": \"0\\\" 15/32\", \"millimeters\": 12}}, \"partNumber\": \"04-PEGBOARD-BIR-H\"}','images/module/imprint/04-PEGBOARD-xxx-H/04-PEGBOARD-BIR-H/04-PEGBOARD-BIR-H.jpg',0,0,'',0,0,NULL,1,NULL,NULL,NULL,0,0,'2021-12-20 13:47:31','2021-12-20 13:47:31',NULL),(28,'04-PEGBOARD-WAL-H',2,1,'{\"rules\": {\"rotation\": 0, \"trimmable\": [\"left\", \"right\", \"bottom\"], \"requiredNetInterior\": {\"max\": {\"inches\": \"21\\\" 1/2\", \"millimeters\": 546.1}, \"min\": {\"inches\": \"0\\\"\", \"millimeters\": 0}}}, \"finishes\": [\"04-PEGBOARD-BIR-H\"], \"dimensions\": {\"depth\": {\"max\": {\"inches\": \"23\\\" 3/16\", \"millimeters\": 589}}, \"width\": {\"max\": {\"inches\": \"21\\\" 1/2\", \"millimeters\": 546.1}}, \"height\": {\"inches\": \"0\\\" 15/32\", \"millimeters\": 12}}, \"partNumber\": \"04-PEGBOARD-WAL-H\"}','images/module/imprint/04-PEGBOARD-xxx-H/04-PEGBOARD-WAL-H/04-PEGBOARD-WAL-H.jpg',0,0,'',0,0,NULL,1,NULL,NULL,NULL,0,0,'2021-12-20 13:47:31','2021-12-20 13:47:31',NULL),(29,'04-PEGBOARD-BIR-J',2,2,'{\"rules\": {\"rotation\": 0, \"trimmable\": [\"left\", \"right\", \"bottom\"], \"requiredNetInterior\": {\"max\": {\"inches\": \"27\\\" 1/2\", \"millimeters\": 698.5}, \"min\": {\"inches\": \"21\\\" 1/2\", \"millimeters\": 546.1}}}, \"finishes\": [\"04-PEGBOARD-WAL-J\"], \"dimensions\": {\"depth\": {\"max\": {\"inches\": \"23\\\" 3/16\", \"millimeters\": 589}}, \"width\": {\"max\": {\"inches\": \"27\\\"1/2\", \"millimeters\": 698.5}, \"min\": {\"inches\": \"21\\\" 1/2\", \"millimeters\": 546.1}}, \"height\": {\"inches\": \"0\\\" 15/32\", \"millimeters\": 12}}, \"partNumber\": \"04-PEGBOARD-BIR-J\"}','images/module/imprint/04-PEGBOARD-xxx-J/04-PEGBOARD-BIR-J/IMG_NoImage.png',0,0,'',0,0,NULL,1,NULL,NULL,NULL,0,0,'2021-12-20 13:47:31','2021-12-20 13:47:31',NULL),(30,'04-PEGBOARD-WAL-J',2,1,'{\"rules\": {\"rotation\": 0, \"trimmable\": [\"left\", \"right\", \"bottom\"], \"requiredNetInterior\": {\"max\": {\"inches\": \"27\\\" 1/2\", \"millimeters\": 698.5}, \"min\": {\"inches\": \"21\\\" 1/2\", \"millimeters\": 546.1}}}, \"finishes\": [\"04-PEGBOARD-BIR-J\"], \"dimensions\": {\"depth\": {\"max\": {\"inches\": \"23\\\" 3/16\", \"millimeters\": 589}}, \"width\": {\"max\": {\"inches\": \"27\\\"1/2\", \"millimeters\": 698.5}, \"min\": {\"inches\": \"21\\\" 1/2\", \"millimeters\": 546.1}}, \"height\": {\"inches\": \"0\\\" 15/32\", \"millimeters\": 12}}, \"partNumber\": \"04-PEGBOARD-WAL-J\"}','images/module/imprint/04-PEGBOARD-xxx-J/04-PEGBOARD-WAL-J/IMG_NoImage.png',0,0,'',0,0,NULL,1,NULL,NULL,NULL,0,0,'2021-12-20 13:47:31','2021-12-20 13:47:31',NULL),(31,'04-PEGBOARD-BIR-L',2,2,'{\"rules\": {\"rotation\": 0, \"trimmable\": [\"left\", \"right\", \"bottom\"], \"requiredNetInterior\": {\"max\": {\"inches\": \"33\\\" 1/2\", \"millimeters\": 850.9}, \"min\": {\"inches\": \"27\\\" 1/2\", \"millimeters\": 698.5}}}, \"finishes\": [\"04-PEGBOARD-WAL-L\"], \"dimensions\": {\"depth\": {\"max\": {\"inches\": \"23\\\" 3/16\", \"millimeters\": 589}}, \"width\": {\"max\": {\"inches\": \"33\\\" 1/2\", \"millimeters\": 850.9}, \"min\": {\"inches\": \"27\\\"1/2\", \"millimeters\": 698.5}}, \"height\": {\"inches\": \"0\\\" 15/32\", \"millimeters\": 12}}, \"partNumber\": \"04-PEGBOARD-BIR-L\"}','images/module/imprint/04-PEGBOARD-xxx-L/04-PEGBOARD-BIR-L/IMG_NoImage.png',0,0,'',0,0,NULL,1,NULL,NULL,NULL,0,0,'2021-12-20 13:47:31','2021-12-20 13:47:31',NULL),(32,'04-PEGBOARD-WAL-L',2,1,'{\"rules\": {\"rotation\": 0, \"trimmable\": [\"left\", \"right\", \"bottom\"], \"requiredNetInterior\": {\"max\": {\"inches\": \"33\\\" 1/2\", \"millimeters\": 850.9}, \"min\": {\"inches\": \"27\\\" 1/2\", \"millimeters\": 698.5}}}, \"finishes\": [\"04-PEGBOARD-BIR-L\"], \"dimensions\": {\"depth\": {\"max\": {\"inches\": \"23\\\" 3/16\", \"millimeters\": 589}}, \"width\": {\"max\": {\"inches\": \"33\\\" 1/2\", \"millimeters\": 850.9}, \"min\": {\"inches\": \"27\\\"1/2\", \"millimeters\": 698.5}}, \"height\": {\"inches\": \"0\\\" 15/32\", \"millimeters\": 12}}, \"partNumber\": \"04-PEGBOARD-WAL-L\"}','images/module/imprint/04-PEGBOARD-xxx-L/04-PEGBOARD-WAL-L/IMG_NoImage.png',0,0,'',0,0,NULL,1,NULL,NULL,NULL,0,0,'2021-12-20 13:47:31','2021-12-20 13:47:31',NULL),(33,'04-PEGBOARD-BIR-N',2,2,'{\"rules\": {\"rotation\": 0, \"trimmable\": [\"left\", \"right\", \"bottom\"], \"requiredNetInterior\": {\"max\": {\"inches\": \"39\\\" 1/2\", \"millimeters\": 1003.3}, \"min\": {\"inches\": \"33\\\" 1/2\", \"millimeters\": 850.9}}}, \"finishes\": [\"04-PEGBOARD-WAL-N\"], \"dimensions\": {\"depth\": {\"max\": {\"inches\": \"23\\\" 3/16\", \"millimeters\": 589}}, \"width\": {\"max\": {\"inches\": \"39\\\"1/2\", \"millimeters\": 1003.3}, \"min\": {\"inches\": \"33\\\" 1/2\", \"millimeters\": 850.9}}, \"height\": {\"inches\": \"0\\\" 15/32\", \"millimeters\": 12}}, \"partNumber\": \"04-PEGBOARD-BIR-N\"}','images/module/imprint/04-PEGBOARD-xxx-N/04-PEGBOARD-BIR-N/IMG_NoImage.png',0,0,'',0,0,NULL,1,NULL,NULL,NULL,0,0,'2021-12-20 13:47:31','2021-12-20 13:47:31',NULL),(34,'04-PEGBOARD-WAL-N',2,1,'{\"rules\": {\"rotation\": 0, \"trimmable\": [\"left\", \"right\", \"bottom\"], \"requiredNetInterior\": {\"max\": {\"inches\": \"9\\\" 1/2\", \"millimeters\": 241.3}, \"min\": {\"inches\": \"33\\\" 1/2\", \"millimeters\": 850.9}}}, \"finishes\": [\"04-PEGBOARD-BIR-N\"], \"dimensions\": {\"depth\": {\"max\": {\"inches\": \"23\\\" 3/16\", \"millimeters\": 589}}, \"width\": {\"max\": {\"inches\": \"39\\\"1/2\", \"millimeters\": 1003.3}, \"min\": {\"inches\": \"33\\\" 1/2\", \"millimeters\": 850.9}}, \"height\": {\"inches\": \"0\\\" 15/32\", \"millimeters\": 12}}, \"partNumber\": \"04-PEGBOARD-WAL-N\"}','images/module/imprint/04-PEGBOARD-xxx-N/04-PEGBOARD-WAL-N/IMG_NoImage.png',0,0,'',0,0,NULL,1,NULL,NULL,NULL,0,0,'2021-12-20 13:47:31','2021-12-20 13:47:31',NULL),(35,'04-AREA-CT-GM-SPICE',1,4,'{\"rules\": {}, \"finishes\": [\"04-AREA-CT-GMT-SPICE\", \"04-AREA-CT-SW-SPICE\"], \"dimensions\": {\"height\": {\"inches\": \"1\\\" 3/32\", \"millimeters\": 28}}, \"partNumber\": \"04-AREA-CT-GM-SPICE\"}','images/module/area/04-AREA-CT-xx-SPICE/04-AREA-CT-GM-SPICE/04-AREA-CT-GM-SPICE.jpg',0,1,'modules/area/04-area-ct-xx-spice/04-area-ct-gm-spice/module',0,0,NULL,1,NULL,NULL,NULL,0,0,'2021-12-20 13:47:31','2021-12-20 13:47:31',NULL),(36,'04-AREA-CT-GMT-SPICE',1,5,'{\"rules\": {}, \"finishes\": [\"04-AREA-CT-GM-SPICE\", \"04-AREA-CT-SW-SPICE\"], \"dimensions\": {\"height\": {\"inches\": \"1\\\" 3/32\", \"millimeters\": 28}}, \"partNumber\": \"04-AREA-CT-GMT-SPICE\"}','images/module/area/04-AREA-CT-xx-SPICE/04-AREA-CT-GMT-SPICE/04-AREA-CT-GMT-SPICE.jpg',0,1,'modules/area/04-area-ct-xx-spice/04-area-ct-gmt-spice/module',0,0,NULL,1,NULL,NULL,NULL,0,0,'2021-12-20 13:47:31','2021-12-20 13:47:31',NULL),(37,'04-AREA-CT-SW-SPICE',1,3,'{\"rules\": {}, \"finishes\": [\"04-AREA-CT-GM-SPICE\", \"04-AREA-CT-GMT-SPICE\"], \"dimensions\": {\"height\": {\"inches\": \"1\\\" 3/32\", \"millimeters\": 28}}, \"partNumber\": \"04-AREA-CT-SW-SPICE\"}','images/module/area/04-AREA-CT-xx-SPICE/04-AREA-CT-SW-SPICE/04-AREA-CT-SW-SPICE.jpg',0,1,'modules/area/04-area-ct-xx-spice/04-area-ct-sw-spice/module',0,0,NULL,1,NULL,NULL,NULL,0,0,'2021-12-20 13:47:31','2021-12-20 13:47:31',NULL),(38,'04-AREA-CT-GM-D',1,4,'{\"rules\": {\"options\": [\"04-AREA-SP-CH\"], \"trimmable\": [\"left\", \"right\", \"top\"], \"trimOffset\": {\"bottom\": 30}}, \"finishes\": [\"04-AREA-CT-GMT-D\", \"04-AREA-CT-SW-D\"], \"dimensions\": {\"depth\": {\"max\": {\"inches\": \"21\\\" 21/32\", \"millimeters\": 550}, \"min\": {\"inches\": \"18\\\" 1/8\", \"millimeters\": 460}}, \"width\": {\"max\": {\"inches\": \"11\\\" 13/16\", \"millimeters\": 300}, \"min\": {\"inches\": \"7\\\" 7/8\", \"millimeters\": 200}}, \"height\": {\"inches\": \"2\\\" 1/16\", \"millimeters\": 52}}, \"partNumber\": \"04-AREA-CT-GM-D\"}','images/module/area/04-AREA-CT-xxx-D/04-AREA-CT-GM-D/04-AREA-CT-GM-D.jpg',0,0,'modules/area/04-area-ct-xxx-d/04-area-ct-gm-d/module',0,0,NULL,1,NULL,NULL,NULL,0,0,'2021-12-20 13:47:31','2021-12-20 13:47:31',NULL),(39,'04-AREA-CT-GMT-D',1,5,'{\"rules\": {\"options\": [\"04-AREA-SP-CH\"], \"trimmable\": [\"left\", \"right\", \"top\"], \"trimOffset\": {\"bottom\": 30}}, \"finishes\": [\"04-AREA-CT-GM-D\", \"04-AREA-CT-SW-D\"], \"dimensions\": {\"depth\": {\"max\": {\"inches\": \"21\\\" 21/32\", \"millimeters\": 550}, \"min\": {\"inches\": \"18\\\" 1/8\", \"millimeters\": 460}}, \"width\": {\"max\": {\"inches\": \"11\\\" 13/16\", \"millimeters\": 300}, \"min\": {\"inches\": \"7\\\" 7/8\", \"millimeters\": 200}}, \"height\": {\"inches\": \"2\\\" 1/16\", \"millimeters\": 52}}, \"partNumber\": \"04-AREA-CT-GMT-D\"}','images/module/area/04-AREA-CT-xxx-D/04-AREA-CT-GMT-D/04-AREA-CT-GMT-D.jpg',0,0,'modules/area/04-area-ct-xxx-d/04-area-ct-gmt-d/module',0,0,NULL,1,NULL,NULL,NULL,0,0,'2021-12-20 13:47:31','2021-12-20 13:47:31',NULL),(40,'04-AREA-CT-SW-D',1,3,'{\"rules\": {\"options\": [\"04-AREA-SP-CH\"], \"trimmable\": [\"left\", \"right\", \"top\"], \"trimOffset\": {\"bottom\": 30}}, \"finishes\": [\"04-AREA-CT-GM-D\", \"04-AREA-CT-GMT-D\"], \"dimensions\": {\"depth\": {\"max\": {\"inches\": \"21\\\" 21/32\", \"millimeters\": 550}, \"min\": {\"inches\": \"18\\\" 1/8\", \"millimeters\": 460}}, \"width\": {\"max\": {\"inches\": \"11\\\" 13/16\", \"millimeters\": 300}, \"min\": {\"inches\": \"7\\\" 7/8\", \"millimeters\": 200}}, \"height\": {\"inches\": \"2\\\" 1/16\", \"millimeters\": 52}}, \"partNumber\": \"04-AREA-CT-SW-D\"}','images/module/area/04-AREA-CT-xxx-D/04-AREA-CT-SW-D/04-AREA-CT-SW-D.jpg',0,0,'modules/area/04-area-ct-xxx-d/04-area-ct-sw-d/module',0,0,NULL,1,NULL,NULL,NULL,0,0,'2021-12-20 13:47:31','2021-12-20 13:47:31',NULL),(41,'04-AREA-CT-GM-E',1,4,'{\"rules\": {\"options\": [\"04-AREA-SP-CH\"], \"trimmable\": [\"left\", \"right\", \"top\"], \"trimOffset\": {\"bottom\": 30}}, \"finishes\": [\"04-AREA-CT-GMT-E\", \"04-AREA-CT-SW-E\"], \"dimensions\": {\"depth\": {\"max\": {\"inches\": \"21\\\" 21/32\", \"millimeters\": 550}, \"min\": {\"inches\": \"18\\\" 1/8\", \"millimeters\": 460}}, \"width\": {\"max\": {\"inches\": \"13\\\" 25/32\", \"millimeters\": 350}, \"min\": {\"inches\": \"11\\\" 13/16\", \"millimeters\": 300}}, \"height\": {\"inches\": \"2\\\" 1/16\", \"millimeters\": 52}}, \"partNumber\": \"04-AREA-CT-GM-E\"}','images/module/area/04-AREA-CT-xxx-E/04-AREA-CT-GM-E/04-AREA-CT-GM-E.jpg',0,0,'modules/area/04-area-ct-xxx-e/04-area-ct-gm-e/module',0,0,NULL,1,NULL,NULL,NULL,0,0,'2021-12-20 13:47:31','2021-12-20 13:47:31',NULL),(42,'04-AREA-CT-GMT-E',1,5,'{\"rules\": {\"options\": [\"04-AREA-SP-CH\"], \"trimmable\": [\"left\", \"right\", \"top\"], \"trimOffset\": {\"bottom\": 30}}, \"finishes\": [\"04-AREA-CT-GM-E\", \"04-AREA-CT-SW-E\"], \"dimensions\": {\"depth\": {\"max\": {\"inches\": \"21\\\" 21/32\", \"millimeters\": 550}, \"min\": {\"inches\": \"18\\\" 1/8\", \"millimeters\": 460}}, \"width\": {\"max\": {\"inches\": \"13\\\" 25/32\", \"millimeters\": 350}, \"min\": {\"inches\": \"11\\\" 13/16\", \"millimeters\": 300}}, \"height\": {\"inches\": \"2\\\" 1/16\", \"millimeters\": 52}}, \"partNumber\": \"04-AREA-CT-GMT-E\"}','images/module/area/04-AREA-CT-xxx-E/04-AREA-CT-GMT-E/04-AREA-CT-GMT-E.jpg',0,0,'modules/area/04-area-ct-xxx-e/04-area-ct-gmt-e/module',0,0,NULL,1,NULL,NULL,NULL,0,0,'2021-12-20 13:47:31','2021-12-20 13:47:31',NULL),(43,'04-AREA-CT-SW-E',1,3,'{\"rules\": {\"options\": [\"04-AREA-SP-CH\"], \"trimmable\": [\"left\", \"right\", \"top\"], \"trimOffset\": {\"bottom\": 30}}, \"finishes\": [\"04-AREA-CT-GM-E\", \"04-AREA-CT-GMT-E\"], \"dimensions\": {\"depth\": {\"max\": {\"inches\": \"21\\\" 21/32\", \"millimeters\": 550}, \"min\": {\"inches\": \"18\\\" 1/8\", \"millimeters\": 460}}, \"width\": {\"max\": {\"inches\": \"13\\\" 25/32\", \"millimeters\": 350}, \"min\": {\"inches\": \"11\\\" 13/16\", \"millimeters\": 300}}, \"height\": {\"inches\": \"2\\\" 1/16\", \"millimeters\": 52}}, \"partNumber\": \"04-AREA-CT-SW-E\"}','images/module/area/04-AREA-CT-xxx-E/04-AREA-CT-SW-E/04-AREA-CT-SW-E.jpg',0,0,'modules/area/04-area-ct-xxx-e/04-area-ct-sw-e/module',0,0,NULL,1,NULL,NULL,NULL,0,0,'2021-12-20 13:47:31','2021-12-20 13:47:31',NULL),(44,'04-AREA-CT-GM-F',1,4,'{\"rules\": {\"options\": [\"04-AREA-SP-CH\"], \"trimmable\": [\"left\", \"right\", \"top\"], \"trimOffset\": {\"bottom\": 30}}, \"finishes\": [\"04-AREA-CT-GMT-F\", \"04-AREA-CT-SW-F\"], \"dimensions\": {\"depth\": {\"max\": {\"inches\": \"21\\\" 21/32\", \"millimeters\": 550}, \"min\": {\"inches\": \"18\\\" 1/8\", \"millimeters\": 460}}, \"width\": {\"max\": {\"inches\": \"15\\\" 3/4\", \"millimeters\": 400}, \"min\": {\"inches\": \"13\\\" 25/32\", \"millimeters\": 350}}, \"height\": {\"inches\": \"2\\\" 1/16\", \"millimeters\": 52}}, \"partNumber\": \"04-AREA-CT-GM-F\"}','images/module/area/04-AREA-CT-xxx-F/04-AREA-CT-GM-F/04-AREA-CT-GM-F.jpg',0,0,'modules/area/04-area-ct-xxx-f/04-area-ct-gm-f/module',0,0,NULL,1,NULL,NULL,NULL,0,0,'2021-12-20 13:47:31','2021-12-20 13:47:31',NULL),(45,'04-AREA-CT-GMT-F',1,5,'{\"rules\": {\"options\": [\"04-AREA-SP-CH\"], \"trimmable\": [\"left\", \"right\", \"top\"], \"trimOffset\": {\"bottom\": 30}}, \"finishes\": [\"04-AREA-CT-GM-F\", \"04-AREA-CT-SW-F\"], \"dimensions\": {\"depth\": {\"max\": {\"inches\": \"21\\\" 21/32\", \"millimeters\": 550}, \"min\": {\"inches\": \"18\\\" 1/8\", \"millimeters\": 460}}, \"width\": {\"max\": {\"inches\": \"15\\\" 3/4\", \"millimeters\": 400}, \"min\": {\"inches\": \"13\\\" 25/32\", \"millimeters\": 350}}, \"height\": {\"inches\": \"2\\\" 1/16\", \"millimeters\": 52}}, \"partNumber\": \"04-AREA-CT-GMT-F\"}','images/module/area/04-AREA-CT-xxx-F/04-AREA-CT-GMT-F/04-AREA-CT-GMT-F.jpg',0,0,'modules/area/04-area-ct-xxx-f/04-area-ct-gmt-f/module',0,0,NULL,1,NULL,NULL,NULL,0,0,'2021-12-20 13:47:31','2021-12-20 13:47:31',NULL),(46,'04-AREA-CT-SW-F',1,3,'{\"rules\": {\"options\": [\"04-AREA-SP-CH\"], \"trimmable\": [\"left\", \"right\", \"top\"], \"trimOffset\": {\"bottom\": 30}}, \"finishes\": [\"04-AREA-CT-GM-F\", \"04-AREA-CT-GMT-F\"], \"dimensions\": {\"depth\": {\"max\": {\"inches\": \"21\\\" 21/32\", \"millimeters\": 550}, \"min\": {\"inches\": \"18\\\" 1/8\", \"millimeters\": 460}}, \"width\": {\"max\": {\"inches\": \"15\\\" 3/4\", \"millimeters\": 400}, \"min\": {\"inches\": \"13\\\" 25/32\", \"millimeters\": 350}}, \"height\": {\"inches\": \"2\\\" 1/16\", \"millimeters\": 52}}, \"partNumber\": \"04-AREA-CT-SW-F\"}','images/module/area/04-AREA-CT-xxx-F/04-AREA-CT-SW-F/04-AREA-CT-SW-F.jpg',0,0,'modules/area/04-area-ct-xxx-f/04-area-ct-sw-f/module',0,0,NULL,1,NULL,NULL,NULL,0,0,'2021-12-20 13:47:31','2021-12-20 13:47:31',NULL),(47,'04-AREA-CT-GM-F1',1,4,'{\"rules\": {\"options\": [\"04-AREA-SP-CH\"], \"trimmable\": [\"left\", \"right\", \"top\"], \"trimOffset\": {\"bottom\": 30}}, \"finishes\": [\"04-AREA-CT-GMT-F1\", \"04-AREA-CT-SW-F1\"], \"dimensions\": {\"depth\": {\"max\": {\"inches\": \"21\\\" 21/32\", \"millimeters\": 550}, \"min\": {\"inches\": \"18\\\" 1/8\", \"millimeters\": 460}}, \"width\": {\"max\": {\"inches\": \"17\\\" 23/32\", \"millimeters\": 450}, \"min\": {\"inches\": \"15\\\" 3/4\", \"millimeters\": 400}}, \"height\": {\"inches\": \"2\\\" 1/16\", \"millimeters\": 52}}, \"partNumber\": \"04-AREA-CT-GM-F1\"}','images/module/area/04-AREA-CT-xxx-F1/04-AREA-CT-GM-F1/04-AREA-CT-GM-F1.jpg',0,0,'modules/area/04-area-ct-xxx-f1/04-area-ct-gm-f1/module',0,0,NULL,1,NULL,NULL,NULL,0,0,'2021-12-20 13:47:31','2021-12-20 13:47:31',NULL),(48,'04-AREA-CT-GMT-F1',1,5,'{\"rules\": {\"options\": [\"04-AREA-SP-CH\"], \"trimmable\": [\"left\", \"right\", \"top\"], \"trimOffset\": {\"bottom\": 30}}, \"finishes\": [\"04-AREA-CT-GM-F1\", \"04-AREA-CT-SW-F1\"], \"dimensions\": {\"depth\": {\"max\": {\"inches\": \"21\\\" 21/32\", \"millimeters\": 550}, \"min\": {\"inches\": \"18\\\" 1/8\", \"millimeters\": 460}}, \"width\": {\"max\": {\"inches\": \"17\\\" 23/32\", \"millimeters\": 450}, \"min\": {\"inches\": \"15\\\" 3/4\", \"millimeters\": 400}}, \"height\": {\"inches\": \"2\\\" 1/16\", \"millimeters\": 52}}, \"partNumber\": \"04-AREA-CT-GMT-F1\"}','images/module/area/04-AREA-CT-xxx-F1/04-AREA-CT-GMT-F1/04-AREA-CT-GMT-F1.jpg',0,0,'modules/area/04-area-ct-xxx-f1/04-area-ct-gmt-f1/module',0,0,NULL,1,NULL,NULL,NULL,0,0,'2021-12-20 13:47:31','2021-12-20 13:47:31',NULL),(49,'04-AREA-CT-SW-F1',1,3,'{\"rules\": {\"options\": [\"04-AREA-SP-CH\"], \"trimmable\": [\"left\", \"right\", \"top\"], \"trimOffset\": {\"bottom\": 30}}, \"finishes\": [\"04-AREA-CT-GM-F1\", \"04-AREA-CT-GMT-F1\"], \"dimensions\": {\"depth\": {\"max\": {\"inches\": \"21\\\" 21/32\", \"millimeters\": 550}, \"min\": {\"inches\": \"18\\\" 1/8\", \"millimeters\": 460}}, \"width\": {\"max\": {\"inches\": \"17\\\" 23/32\", \"millimeters\": 450}, \"min\": {\"inches\": \"15\\\" 3/4\", \"millimeters\": 400}}, \"height\": {\"inches\": \"2\\\" 1/16\", \"millimeters\": 52}}, \"partNumber\": \"04-AREA-CT-SW-F1\"}','images/module/area/04-AREA-CT-xxx-F1/04-AREA-CT-SW-F1/04-AREA-CT-SW-F1.jpg',0,0,'modules/area/04-area-ct-xxx-f1/04-area-ct-sw-f1/module',0,0,NULL,1,NULL,NULL,NULL,0,0,'2021-12-20 13:47:31','2021-12-20 13:47:31',NULL),(50,'04-AREA-CT-GM-G',1,4,'{\"rules\": {\"options\": [\"04-AREA-SP-CH\"], \"trimmable\": [\"left\", \"right\", \"top\"], \"trimOffset\": {\"bottom\": 30}}, \"finishes\": [\"04-AREA-CT-GMT-G\", \"04-AREA-CT-SW-G\"], \"dimensions\": {\"depth\": {\"max\": {\"inches\": \"21\\\" 21/32\", \"millimeters\": 550}, \"min\": {\"inches\": \"18\\\" 1/8\", \"millimeters\": 460}}, \"width\": {\"max\": {\"inches\": \"19\\\" 11/16\", \"millimeters\": 500}, \"min\": {\"inches\": \"17\\\" 23/32\", \"millimeters\": 450}}, \"height\": {\"inches\": \"2\\\" 1/16\", \"millimeters\": 52}}, \"partNumber\": \"04-AREA-CT-GM-G\"}','images/module/area/04-AREA-CT-xxx-G/04-AREA-CT-GM-G/04-AREA-CT-GM-G.jpg',0,0,'modules/area/04-area-ct-xxx-g/04-area-ct-gm-g/module',0,0,NULL,1,NULL,NULL,NULL,0,0,'2021-12-20 13:47:31','2021-12-20 13:47:31',NULL),(51,'04-AREA-CT-GMT-G',1,5,'{\"rules\": {\"options\": [\"04-AREA-SP-CH\"], \"trimmable\": [\"left\", \"right\", \"top\"], \"trimOffset\": {\"bottom\": 30}}, \"finishes\": [\"04-AREA-CT-GM-G\", \"04-AREA-CT-SW-G\"], \"dimensions\": {\"depth\": {\"max\": {\"inches\": \"21\\\" 21/32\", \"millimeters\": 550}, \"min\": {\"inches\": \"18\\\" 1/8\", \"millimeters\": 460}}, \"width\": {\"max\": {\"inches\": \"19\\\" 11/16\", \"millimeters\": 500}, \"min\": {\"inches\": \"17\\\" 23/32\", \"millimeters\": 450}}, \"height\": {\"inches\": \"2\\\" 1/16\", \"millimeters\": 52}}, \"partNumber\": \"04-AREA-CT-GMT-G\"}','images/module/area/04-AREA-CT-xxx-G/04-AREA-CT-GMT-G/04-AREA-CT-GMT-G.jpg',0,0,'modules/area/04-area-ct-xxx-g/04-area-ct-gmt-g/module',0,0,NULL,1,NULL,NULL,NULL,0,0,'2021-12-20 13:47:31','2021-12-20 13:47:31',NULL),(52,'04-AREA-CT-SW-G',1,3,'{\"rules\": {\"options\": [\"04-AREA-SP-CH\"], \"trimmable\": [\"left\", \"right\", \"top\"], \"trimOffset\": {\"bottom\": 30}}, \"finishes\": [\"04-AREA-CT-GM-G\", \"04-AREA-CT-GMT-G\"], \"dimensions\": {\"depth\": {\"max\": {\"inches\": \"21\\\" 21/32\", \"millimeters\": 550}, \"min\": {\"inches\": \"18\\\" 1/8\", \"millimeters\": 460}}, \"width\": {\"max\": {\"inches\": \"19\\\" 11/16\", \"millimeters\": 500}, \"min\": {\"inches\": \"17\\\" 23/32\", \"millimeters\": 450}}, \"height\": {\"inches\": \"2\\\" 1/16\", \"millimeters\": 52}}, \"partNumber\": \"04-AREA-CT-SW-G\"}','images/module/area/04-AREA-CT-xxx-G/04-AREA-CT-SW-G/04-AREA-CT-SW-G.jpg',0,0,'modules/area/04-area-ct-xxx-g/04-area-ct-sw-g/module',0,0,NULL,1,NULL,NULL,NULL,0,0,'2021-12-20 13:47:31','2021-12-20 13:47:31',NULL),(53,'04-AREA-CT-GM-H',1,4,'{\"rules\": {\"options\": [\"04-AREA-SP-CH\", \"04-AREA-CT-GM-KNIFE\", \"04-AREA-CT-GM-SPICE\"], \"trimmable\": [\"left\", \"right\", \"top\"], \"trimOffset\": {\"bottom\": 30}}, \"finishes\": [\"04-AREA-CT-GMT-H\", \"04-AREA-CT-SW-H\"], \"dimensions\": {\"depth\": {\"max\": {\"inches\": \"21\\\" 21/32\", \"millimeters\": 550}, \"min\": {\"inches\": \"18\\\" 1/8\", \"millimeters\": 460}}, \"width\": {\"max\": {\"inches\": \"23\\\" 5/8\", \"millimeters\": 600}, \"min\": {\"inches\": \"19\\\" 11/16\", \"millimeters\": 500}}, \"height\": {\"inches\": \"2\\\" 1/16\", \"millimeters\": 52}}, \"partNumber\": \"04-AREA-CT-GM-H\"}','images/module/area/04-AREA-CT-xxx-H/04-AREA-CT-GM-H/04-AREA-CT-GM-H.jpg',0,0,'modules/area/04-area-ct-xxx-h/04-area-ct-gm-h/module',0,0,NULL,1,NULL,NULL,NULL,0,0,'2021-12-20 13:47:31','2021-12-20 13:47:31',NULL),(54,'04-AREA-CT-GMT-H',1,5,'{\"rules\": {\"options\": [\"04-AREA-SP-CH\", \"04-AREA-CT-GMT-KNIFE\", \"04-AREA-CT-GMT-SPICE\"], \"trimmable\": [\"left\", \"right\", \"top\"], \"trimOffset\": {\"bottom\": 30}}, \"finishes\": [\"04-AREA-CT-GM-H\", \"04-AREA-CT-SW-H\"], \"dimensions\": {\"depth\": {\"max\": {\"inches\": \"21\\\" 21/32\", \"millimeters\": 550}, \"min\": {\"inches\": \"18\\\" 1/8\", \"millimeters\": 460}}, \"width\": {\"max\": {\"inches\": \"23\\\" 5/8\", \"millimeters\": 600}, \"min\": {\"inches\": \"19\\\" 11/16\", \"millimeters\": 500}}, \"height\": {\"inches\": \"2\\\" 1/16\", \"millimeters\": 52}}, \"partNumber\": \"04-AREA-CT-GMT-H\"}','images/module/area/04-AREA-CT-xxx-H/04-AREA-CT-GMT-H/04-AREA-CT-GMT-H.jpg',0,0,'modules/area/04-area-ct-xxx-h/04-area-ct-gmt-h/module',0,0,NULL,1,NULL,NULL,NULL,0,0,'2021-12-20 13:47:31','2021-12-20 13:47:31',NULL),(55,'04-AREA-CT-SW-H',1,3,'{\"rules\": {\"options\": [\"04-AREA-SP-CH\", \"04-AREA-CT-SW-KNIFE\", \"04-AREA-CT-SW-SPICE\"], \"trimmable\": [\"left\", \"right\", \"top\"], \"trimOffset\": {\"bottom\": 30}}, \"finishes\": [\"04-AREA-CT-GM-H\", \"04-AREA-CT-GMT-H\"], \"dimensions\": {\"depth\": {\"max\": {\"inches\": \"21\\\" 21/32\", \"millimeters\": 550}, \"min\": {\"inches\": \"18\\\" 1/8\", \"millimeters\": 460}}, \"width\": {\"max\": {\"inches\": \"23\\\" 5/8\", \"millimeters\": 600}, \"min\": {\"inches\": \"19\\\" 11/16\", \"millimeters\": 500}}, \"height\": {\"inches\": \"2\\\" 1/16\", \"millimeters\": 52}}, \"partNumber\": \"04-AREA-CT-SW-H\"}','images/module/area/04-AREA-CT-xxx-H/04-AREA-CT-SW-H/04-AREA-CT-SW-H.jpg',0,0,'modules/area/04-area-ct-xxx-h/04-area-ct-sw-h/module',0,0,NULL,1,NULL,NULL,NULL,0,0,'2021-12-20 13:47:31','2021-12-20 13:47:31',NULL),(56,'04-AREA-CT-GM-IJ',1,4,'{\"rules\": {\"options\": [\"04-AREA-SP-CH\", \"04-AREA-CT-GM-KNIFE\", \"04-AREA-CT-GM-SPICE\"], \"trimmable\": [\"left\", \"right\", \"top\"], \"trimOffset\": {\"bottom\": 30}}, \"finishes\": [\"04-AREA-CT-GMT-IJ\", \"04-AREA-CT-SW-IJ\"], \"dimensions\": {\"depth\": {\"max\": {\"inches\": \"21\\\" 21/32\", \"millimeters\": 550}, \"min\": {\"inches\": \"18\\\" 1/8\", \"millimeters\": 460}}, \"width\": {\"max\": {\"inches\": \"27\\\" 9/16\", \"millimeters\": 700}, \"min\": {\"inches\": \"23\\\" 5/8\", \"millimeters\": 600}}, \"height\": {\"inches\": \"2\\\" 1/16\", \"millimeters\": 52}}, \"partNumber\": \"04-AREA-CT-GM-IJ\"}','images/module/area/04-AREA-CT-xxx-IJ/04-AREA-CT-GM-IJ/04-AREA-CT-GM-IJ.jpg',0,0,'modules/area/04-area-ct-xxx-ij/04-area-ct-gm-ij/module',0,0,NULL,1,NULL,NULL,NULL,0,0,'2021-12-20 13:47:31','2021-12-20 13:47:31',NULL),(57,'04-AREA-CT-GMT-IJ',1,5,'{\"rules\": {\"options\": [\"04-AREA-SP-CH\", \"04-AREA-CT-GMT-KNIFE\", \"04-AREA-CT-GMT-SPICE\"], \"trimmable\": [\"left\", \"right\", \"top\"], \"trimOffset\": {\"bottom\": 30}}, \"finishes\": [\"04-AREA-CT-GM-IJ\", \"04-AREA-CT-SW-IJ\"], \"dimensions\": {\"depth\": {\"max\": {\"inches\": \"21\\\" 21/32\", \"millimeters\": 550}, \"min\": {\"inches\": \"18\\\" 1/8\", \"millimeters\": 460}}, \"width\": {\"max\": {\"inches\": \"27\\\" 9/16\", \"millimeters\": 700}, \"min\": {\"inches\": \"23\\\" 5/8\", \"millimeters\": 600}}, \"height\": {\"inches\": \"2\\\" 1/16\", \"millimeters\": 52}}, \"partNumber\": \"04-AREA-CT-GMT-IJ\"}','images/module/area/04-AREA-CT-xxx-IJ/04-AREA-CT-GMT-IJ/04-AREA-CT-GMT-IJ.jpg',0,0,'modules/area/04-area-ct-xxx-ij/04-area-ct-gmt-ij/module',0,0,NULL,1,NULL,NULL,NULL,0,0,'2021-12-20 13:47:31','2021-12-20 13:47:31',NULL),(58,'04-AREA-CT-SW-IJ',1,3,'{\"rules\": {\"options\": [\"04-AREA-SP-CH\", \"04-AREA-CT-SW-KNIFE\", \"04-AREA-CT-SW-SPICE\"], \"trimmable\": [\"left\", \"right\", \"top\"], \"trimOffset\": {\"bottom\": 30}}, \"finishes\": [\"04-AREA-CT-GM-IJ\", \"04-AREA-CT-GMT-IJ\"], \"dimensions\": {\"depth\": {\"max\": {\"inches\": \"21\\\" 21/32\", \"millimeters\": 550}, \"min\": {\"inches\": \"18\\\" 1/8\", \"millimeters\": 460}}, \"width\": {\"max\": {\"inches\": \"27\\\" 9/16\", \"millimeters\": 700}, \"min\": {\"inches\": \"23\\\" 5/8\", \"millimeters\": 600}}, \"height\": {\"inches\": \"2\\\" 1/16\", \"millimeters\": 52}}, \"partNumber\": \"04-AREA-CT-SW-IJ\"}','images/module/area/04-AREA-CT-xxx-IJ/04-AREA-CT-SW-IJ/04-AREA-CT-SW-IJ.jpg',0,0,'modules/area/04-area-ct-xxx-ij/04-area-ct-sw-ij/module',0,0,NULL,1,NULL,NULL,NULL,0,0,'2021-12-20 13:47:31','2021-12-20 13:47:31',NULL),(59,'04-AREA-CT-GM-K',1,4,'{\"rules\": {\"options\": [\"04-AREA-SP-CH\", \"04-AREA-CT-GM-KNIFE\", \"04-AREA-CT-GM-SPICE\"], \"trimmable\": [\"left\", \"right\", \"top\"], \"trimOffset\": {\"bottom\": 30}}, \"finishes\": [\"04-AREA-CT-GMT-K\", \"04-AREA-CT-SW-K\"], \"dimensions\": {\"depth\": {\"max\": {\"inches\": \"21\\\" 21/32\", \"millimeters\": 550}, \"min\": {\"inches\": \"18\\\" 1/8\", \"millimeters\": 460}}, \"width\": {\"max\": {\"inches\": \"31\\\" 1/2\", \"millimeters\": 800}, \"min\": {\"inches\": \"27\\\" 9/16\", \"millimeters\": 700}}, \"height\": {\"inches\": \"2\\\" 1/16\", \"millimeters\": 52}}, \"partNumber\": \"04-AREA-CT-GM-K\"}','images/module/area/04-AREA-CT-xxx-K/04-AREA-CT-GM-K/04-AREA-CT-GM-K.jpg',0,0,'modules/area/04-area-ct-xxx-k/04-area-ct-gm-k/module',0,0,NULL,1,NULL,NULL,NULL,0,0,'2021-12-20 13:47:31','2021-12-20 13:47:31',NULL),(60,'04-AREA-CT-GMT-K',1,5,'{\"rules\": {\"options\": [\"04-AREA-SP-CH\", \"04-AREA-CT-GMT-KNIFE\", \"04-AREA-CT-GMT-SPICE\"], \"trimmable\": [\"left\", \"right\", \"top\"], \"trimOffset\": {\"bottom\": 30}}, \"finishes\": [\"04-AREA-CT-GM-K\", \"04-AREA-CT-SW-K\"], \"dimensions\": {\"depth\": {\"max\": {\"inches\": \"21\\\" 21/32\", \"millimeters\": 550}, \"min\": {\"inches\": \"18\\\" 1/8\", \"millimeters\": 460}}, \"width\": {\"max\": {\"inches\": \"31\\\" 1/2\", \"millimeters\": 800}, \"min\": {\"inches\": \"27\\\" 9/16\", \"millimeters\": 700}}, \"height\": {\"inches\": \"2\\\" 1/16\", \"millimeters\": 52}}, \"partNumber\": \"04-AREA-CT-GMT-K\"}','images/module/area/04-AREA-CT-xxx-K/04-AREA-CT-GMT-K/04-AREA-CT-GMT-K.jpg',0,0,'modules/area/04-area-ct-xxx-k/04-area-ct-gmt-k/module',0,0,NULL,1,NULL,NULL,NULL,0,0,'2021-12-20 13:47:31','2021-12-20 13:47:31',NULL),(61,'04-AREA-CT-SW-K',1,3,'{\"rules\": {\"options\": [\"04-AREA-SP-CH\", \"04-AREA-CT-SW-KNIFE\", \"04-AREA-CT-SW-SPICE\"], \"trimmable\": [\"left\", \"right\", \"top\"], \"trimOffset\": {\"bottom\": 30}}, \"finishes\": [\"04-AREA-CT-GM-K\", \"04-AREA-CT-GMT-K\"], \"dimensions\": {\"depth\": {\"max\": {\"inches\": \"21\\\" 21/32\", \"millimeters\": 550}, \"min\": {\"inches\": \"18\\\" 1/8\", \"millimeters\": 460}}, \"width\": {\"max\": {\"inches\": \"31\\\" 1/2\", \"millimeters\": 800}, \"min\": {\"inches\": \"27\\\" 9/16\", \"millimeters\": 700}}, \"height\": {\"inches\": \"2\\\" 1/16\", \"millimeters\": 52}}, \"partNumber\": \"04-AREA-CT-SW-K\"}','images/module/area/04-AREA-CT-xxx-K/04-AREA-CT-SW-K/04-AREA-CT-SW-K.jpg',0,0,'modules/area/04-area-ct-xxx-k/04-area-ct-sw-k/module',0,0,NULL,1,NULL,NULL,NULL,0,0,'2021-12-20 13:47:31','2021-12-20 13:47:31',NULL),(62,'04-AREA-CT-GM-KNIFE',1,4,'{\"rules\": {}, \"finishes\": [\"04-AREA-CT-GMT-KNIFE\", \"04-AREA-CT-SW-KNIFE\"], \"dimensions\": {\"height\": {\"inches\": \"1\\\" 3/32\", \"millimeters\": 28}}, \"partNumber\": \"04-AREA-CT-GM-KNIFE\"}','images/module/area/04-AREA-CT-xxx-KNIFE/04-AREA-CT-GM-KNIFE/04-AREA-CT-GM-KNIFE.jpg',0,1,'modules/area/04-area-ct-xxx-knife/04-area-ct-gm-knife/module',0,0,NULL,1,NULL,NULL,NULL,0,0,'2021-12-20 13:47:31','2021-12-20 13:47:31',NULL),(63,'04-AREA-CT-GMT-KNIFE',1,5,'{\"rules\": {}, \"finishes\": [\"04-AREA-CT-GM-KNIFE\", \"04-AREA-CT-SW-KNIFE\"], \"dimensions\": {\"height\": {\"inches\": \"1\\\" 3/32\", \"millimeters\": 28}}, \"partNumber\": \"04-AREA-CT-GMT-KNIFE\"}','images/module/area/04-AREA-CT-xxx-KNIFE/04-AREA-CT-GMT-KNIFE/04-AREA-CT-GMT-KNIFE.jpg',0,1,'modules/area/04-area-ct-xxx-knife/04-area-ct-gmt-knife/module',0,0,NULL,1,NULL,NULL,NULL,0,0,'2021-12-20 13:47:31','2021-12-20 13:47:31',NULL),(64,'04-AREA-CT-SW-KNIFE',1,3,'{\"rules\": {}, \"finishes\": [\"04-AREA-CT-GM-KNIFE\", \"04-AREA-CT-GMT-KNIFE\"], \"dimensions\": {\"height\": {\"inches\": \"1\\\" 3/32\", \"millimeters\": 28}}, \"partNumber\": \"04-AREA-CT-SW-KNIFE\"}','images/module/area/04-AREA-CT-xxx-KNIFE/04-AREA-CT-SW-KNIFE/04-AREA-CT-SW-KNIFE.jpg',0,1,'modules/area/04-area-ct-xxx-knife/04-area-ct-sw-knife/module',0,0,NULL,1,NULL,NULL,NULL,0,0,'2021-12-20 13:47:31','2021-12-20 13:47:31',NULL),(65,'04-AREA-CT-GM-L',1,4,'{\"rules\": {\"options\": [\"04-AREA-SP-CH\", \"04-AREA-CT-GM-KNIFE\", \"04-AREA-CT-GM-SPICE\"], \"trimmable\": [\"left\", \"right\", \"top\"], \"trimOffset\": {\"bottom\": 30}}, \"finishes\": [\"04-AREA-CT-GMT-L\", \"04-AREA-CT-SW-L\"], \"dimensions\": {\"depth\": {\"max\": {\"inches\": \"21\\\" 21/32\", \"millimeters\": 550}, \"min\": {\"inches\": \"18\\\" 1/8\", \"millimeters\": 460}}, \"width\": {\"max\": {\"inches\": \"35\\\" 7/16\", \"millimeters\": 900}, \"min\": {\"inches\": \"31\\\" 1/2\", \"millimeters\": 800}}, \"height\": {\"inches\": \"2\\\" 1/16\", \"millimeters\": 52}}, \"partNumber\": \"04-AREA-CT-GM-L\"}','images/module/area/04-AREA-CT-xxx-L/04-AREA-CT-GM-L/04-AREA-CT-GM-L.jpg',0,0,'modules/area/04-area-ct-xxx-l/04-area-ct-gm-l/module',0,0,NULL,1,NULL,NULL,NULL,0,0,'2021-12-20 13:47:31','2021-12-20 13:47:31',NULL),(66,'04-AREA-CT-GMT-L',1,5,'{\"rules\": {\"options\": [\"04-AREA-SP-CH\", \"04-AREA-CT-GMT-KNIFE\", \"04-AREA-CT-GMT-SPICE\"], \"trimmable\": [\"left\", \"right\", \"top\"], \"trimOffset\": {\"bottom\": 30}}, \"finishes\": [\"04-AREA-CT-GM-L\", \"04-AREA-CT-SW-L\"], \"dimensions\": {\"depth\": {\"max\": {\"inches\": \"21\\\" 21/32\", \"millimeters\": 550}, \"min\": {\"inches\": \"18\\\" 1/8\", \"millimeters\": 460}}, \"width\": {\"max\": {\"inches\": \"35\\\" 7/16\", \"millimeters\": 900}, \"min\": {\"inches\": \"31\\\" 1/2\", \"millimeters\": 800}}, \"height\": {\"inches\": \"2\\\" 1/16\", \"millimeters\": 52}}, \"partNumber\": \"04-AREA-CT-GMT-L\"}','images/module/area/04-AREA-CT-xxx-L/04-AREA-CT-GMT-L/04-AREA-CT-GMT-L.jpg',0,0,'modules/area/04-area-ct-xxx-l/04-area-ct-gmt-l/module',0,0,NULL,1,NULL,NULL,NULL,0,0,'2021-12-20 13:47:31','2021-12-20 13:47:31',NULL),(67,'04-AREA-CT-SW-L',1,3,'{\"rules\": {\"options\": [\"04-AREA-SP-CH\", \"04-AREA-CT-SW-KNIFE\", \"04-AREA-CT-SW-SPICE\"], \"trimmable\": [\"left\", \"right\", \"top\"], \"trimOffset\": {\"bottom\": 30}}, \"finishes\": [\"04-AREA-CT-GM-L\", \"04-AREA-CT-GMT-L\"], \"dimensions\": {\"depth\": {\"max\": {\"inches\": \"21\\\" 21/32\", \"millimeters\": 550}, \"min\": {\"inches\": \"18\\\" 1/8\", \"millimeters\": 460}}, \"width\": {\"max\": {\"inches\": \"35\\\" 7/16\", \"millimeters\": 900}, \"min\": {\"inches\": \"31\\\" 1/2\", \"millimeters\": 800}}, \"height\": {\"inches\": \"2\\\" 1/16\", \"millimeters\": 52}}, \"partNumber\": \"04-AREA-CT-SW-L\"}','images/module/area/04-AREA-CT-xxx-L/04-AREA-CT-SW-L/04-AREA-CT-SW-L.jpg',0,0,'modules/area/04-area-ct-xxx-l/04-area-ct-sw-l/module',0,0,NULL,1,NULL,NULL,NULL,0,0,'2021-12-20 13:47:31','2021-12-20 13:47:31',NULL),(68,'04-AREA-CT-GM-N',1,4,'{\"rules\": {\"options\": [\"04-AREA-SP-CH\", \"04-AREA-CT-GM-KNIFE\", \"04-AREA-CT-GM-SPICE\"], \"trimmable\": [\"left\", \"right\", \"top\"], \"trimOffset\": {\"bottom\": 30}}, \"finishes\": [\"04-AREA-CT-GMT-N\", \"04-AREA-CT-SW-N\"], \"dimensions\": {\"depth\": {\"max\": {\"inches\": \"21\\\" 21/32\", \"millimeters\": 550}, \"min\": {\"inches\": \"18\\\" 1/8\", \"millimeters\": 460}}, \"width\": {\"max\": {\"inches\": \"39\\\" 3/8\", \"millimeters\": 1000}, \"min\": {\"inches\": \"35\\\" 7/16\", \"millimeters\": 900}}, \"height\": {\"inches\": \"2\\\" 1/16\", \"millimeters\": 52}}, \"partNumber\": \"04-AREA-CT-GM-N\"}','images/module/area/04-AREA-CT-xxx-N/04-AREA-CT-GM-N/04-AREA-CT-GM-N.jpg',0,0,'modules/area/04-area-ct-xxx-n/04-area-ct-gm-n/module',0,0,NULL,1,NULL,NULL,NULL,0,0,'2021-12-20 13:47:31','2021-12-20 13:47:31',NULL),(69,'04-AREA-CT-GMT-N',1,5,'{\"rules\": {\"options\": [\"04-AREA-SP-CH\", \"04-AREA-CT-GMT-KNIFE\", \"04-AREA-CT-GMT-SPICE\"], \"trimmable\": [\"left\", \"right\", \"top\"], \"trimOffset\": {\"bottom\": 30}}, \"finishes\": [\"04-AREA-CT-GM-N\", \"04-AREA-CT-SW-N\"], \"dimensions\": {\"depth\": {\"max\": {\"inches\": \"21\\\" 21/32\", \"millimeters\": 550}, \"min\": {\"inches\": \"18\\\" 1/8\", \"millimeters\": 460}}, \"width\": {\"max\": {\"inches\": \"39\\\" 3/8\", \"millimeters\": 1000}, \"min\": {\"inches\": \"35\\\" 7/16\", \"millimeters\": 900}}, \"height\": {\"inches\": \"2\\\" 1/16\", \"millimeters\": 52}}, \"partNumber\": \"04-AREA-CT-GMT-N\"}','images/module/area/04-AREA-CT-xxx-N/04-AREA-CT-GMT-N/04-AREA-CT-GMT-N.jpg',0,0,'modules/area/04-area-ct-xxx-n/04-area-ct-gmt-n/module',0,0,NULL,1,NULL,NULL,NULL,0,0,'2021-12-20 13:47:31','2021-12-20 13:47:31',NULL),(70,'04-AREA-CT-SW-N',1,3,'{\"rules\": {\"options\": [\"04-AREA-SP-CH\", \"04-AREA-CT-SW-KNIFE\", \"04-AREA-CT-SW-SPICE\"], \"trimmable\": [\"left\", \"right\", \"top\"], \"trimOffset\": {\"bottom\": 30}}, \"finishes\": [\"04-AREA-CT-GM-N\", \"04-AREA-CT-GMT-N\"], \"dimensions\": {\"depth\": {\"max\": {\"inches\": \"21\\\" 21/32\", \"millimeters\": 550}, \"min\": {\"inches\": \"18\\\" 1/8\", \"millimeters\": 460}}, \"width\": {\"max\": {\"inches\": \"39\\\" 3/8\", \"millimeters\": 1000}, \"min\": {\"inches\": \"35\\\" 7/16\", \"millimeters\": 900}}, \"height\": {\"inches\": \"2\\\" 1/16\", \"millimeters\": 52}}, \"partNumber\": \"04-AREA-CT-SW-N\"}','images/module/area/04-AREA-CT-xxx-N/04-AREA-CT-SW-N/04-AREA-CT-SW-N.jpg',0,0,'modules/area/04-area-ct-xxx-n/04-area-ct-sw-n/module',0,0,NULL,1,NULL,NULL,NULL,0,0,'2021-12-20 13:47:31','2021-12-20 13:47:31',NULL),(71,'04-AREA-ST-GM-G',1,4,'{\"rules\": {\"options\": [\"04-AREA-SP-CH\"], \"trimmable\": [\"left\", \"right\", \"top\"], \"trimOffset\": {\"bottom\": 30}}, \"finishes\": [\"04-AREA-ST-SW-G\", \"04-AREA-ST-GMT-G\"], \"dimensions\": {\"depth\": {\"max\": {\"inches\": \"21\\\" 21/32\", \"millimeters\": 550}, \"min\": {\"inches\": \"18\\\" 1/8\", \"millimeters\": 460}}, \"width\": {\"max\": {\"inches\": \"18\\\" 29/32\", \"millimeters\": 480}, \"min\": {\"inches\": \"15\\\" 11/32\", \"millimeters\": 390}}, \"height\": {\"inches\": \"2\\\" 1/16\", \"millimeters\": 52}}, \"partNumber\": \"04-AREA-ST-GM-G\"}','images/module/area/04-AREA-ST-xxx-G/04-AREA-ST-GM-G/04-AREA-ST-GM-G.jpg',0,0,'modules/area/04-area-st-xxx-g/04-area-st-gm-g/module',0,0,NULL,1,NULL,NULL,NULL,0,0,'2021-12-20 13:47:31','2021-12-20 13:47:31',NULL),(72,'04-AREA-ST-GMT-G',1,5,'{\"rules\": {\"options\": [\"04-AREA-SP-CH\"], \"trimmable\": [\"left\", \"right\", \"top\"], \"trimOffset\": {\"bottom\": 30}}, \"finishes\": [\"04-AREA-ST-SW-G\", \"04-AREA-ST-GM-G\"], \"dimensions\": {\"depth\": {\"max\": {\"inches\": \"21\\\" 21/32\", \"millimeters\": 550}, \"min\": {\"inches\": \"18\\\" 1/8\", \"millimeters\": 460}}, \"width\": {\"max\": {\"inches\": \"18\\\" 29/32\", \"millimeters\": 480}, \"min\": {\"inches\": \"15\\\" 11/32\", \"millimeters\": 390}}, \"height\": {\"inches\": \"2\\\" 1/16\", \"millimeters\": 52}}, \"partNumber\": \"04-AREA-ST-GMT-G\"}','images/module/area/04-AREA-ST-xxx-G/04-AREA-ST-GMT-G/04-AREA-ST-GMT-G.jpg',0,0,'modules/area/04-area-st-xxx-g/04-area-st-gmt-g/module',0,0,NULL,1,NULL,NULL,NULL,0,0,'2021-12-20 13:47:31','2021-12-20 13:47:31',NULL),(73,'04-AREA-ST-SW-G',1,3,'{\"rules\": {\"options\": [\"04-AREA-SP-CH\"], \"trimmable\": [\"left\", \"right\", \"top\"], \"trimOffset\": {\"bottom\": 30}}, \"finishes\": [\"04-AREA-ST-GM-G\", \"04-AREA-ST-GMT-G\"], \"dimensions\": {\"depth\": {\"max\": {\"inches\": \"21\\\" 21/32\", \"millimeters\": 550}, \"min\": {\"inches\": \"18\\\" 1/8\", \"millimeters\": 460}}, \"width\": {\"max\": {\"inches\": \"18\\\" 29/32\", \"millimeters\": 480}, \"min\": {\"inches\": \"15\\\" 11/32\", \"millimeters\": 390}}, \"height\": {\"inches\": \"2\\\" 1/16\", \"millimeters\": 52}}, \"partNumber\": \"04-AREA-ST-SW-G\"}','images/module/area/04-AREA-ST-xxx-G/04-AREA-ST-SW-G/04-AREA-ST-SW-G.jpg',0,0,'modules/area/04-area-st-xxx-g/04-area-st-sw-g/module',0,0,NULL,1,NULL,NULL,NULL,0,0,'2021-12-20 13:47:31','2021-12-20 13:47:31',NULL),(74,'04-AREA-ST-GM-H',1,4,'{\"rules\": {\"options\": [\"04-AREA-SP-CH\"], \"trimmable\": [\"left\", \"right\", \"top\"], \"trimOffset\": {\"bottom\": 30}}, \"finishes\": [\"04-AREA-ST-SW-H\", \"04-AREA-ST-GMT-H\"], \"dimensions\": {\"depth\": {\"max\": {\"inches\": \"21\\\" 21/32\", \"millimeters\": 550}, \"min\": {\"inches\": \"18\\\" 1/8\", \"millimeters\": 460}}, \"width\": {\"max\": {\"inches\": \"23\\\" 5/8\", \"millimeters\": 600}, \"min\": {\"inches\": \"18\\\" 29/32\", \"millimeters\": 480}}, \"height\": {\"inches\": \"2\\\" 1/16\", \"millimeters\": 52}}, \"partNumber\": \"04-AREA-ST-GM-H\"}','images/module/area/04-AREA-ST-xxx-H/04-AREA-ST-GM-H/04-AREA-ST-GM-H.jpg',0,0,'modules/area/04-area-st-xxx-h/04-area-st-gm-h/module',0,0,NULL,1,NULL,NULL,NULL,0,0,'2021-12-20 13:47:31','2021-12-20 13:47:31',NULL),(75,'04-AREA-ST-GMT-H',1,5,'{\"rules\": {\"options\": [\"04-AREA-SP-CH\"], \"trimmable\": [\"left\", \"right\", \"top\"], \"trimOffset\": {\"bottom\": 30}}, \"finishes\": [\"04-AREA-ST-SW-H\", \"04-AREA-ST-GM-H\"], \"dimensions\": {\"depth\": {\"max\": {\"inches\": \"21\\\" 21/32\", \"millimeters\": 550}, \"min\": {\"inches\": \"18\\\" 1/8\", \"millimeters\": 460}}, \"width\": {\"max\": {\"inches\": \"23\\\" 5/8\", \"millimeters\": 600}, \"min\": {\"inches\": \"18\\\" 29/32\", \"millimeters\": 480}}, \"height\": {\"inches\": \"2\\\" 1/16\", \"millimeters\": 52}}, \"partNumber\": \"04-AREA-ST-GMT-H\"}','images/module/area/04-AREA-ST-xxx-H/04-AREA-ST-GMT-H/04-AREA-ST-GMT-H.jpg',0,0,'modules/area/04-area-st-xxx-h/04-area-st-gmt-h/module',0,0,NULL,1,NULL,NULL,NULL,0,0,'2021-12-20 13:47:31','2021-12-20 13:47:31',NULL),(76,'04-AREA-ST-SW-H',1,3,'{\"rules\": {\"options\": [\"04-AREA-SP-CH\"], \"trimmable\": [\"left\", \"right\", \"top\"], \"trimOffset\": {\"bottom\": 30}}, \"finishes\": [\"04-AREA-ST-GM-H\", \"04-AREA-ST-GMT-H\"], \"dimensions\": {\"depth\": {\"max\": {\"inches\": \"21\\\" 21/32\", \"millimeters\": 550}, \"min\": {\"inches\": \"18\\\" 1/8\", \"millimeters\": 460}}, \"width\": {\"max\": {\"inches\": \"23\\\" 5/8\", \"millimeters\": 600}, \"min\": {\"inches\": \"18\\\" 29/32\", \"millimeters\": 480}}, \"height\": {\"inches\": \"2\\\" 1/16\", \"millimeters\": 52}}, \"partNumber\": \"04-AREA-ST-SW-H\"}','images/module/area/04-AREA-ST-xxx-H/04-AREA-ST-SW-H/04-AREA-ST-SW-H.jpg',0,0,'modules/area/04-area-st-xxx-h/04-area-st-sw-h/module',0,0,NULL,1,NULL,NULL,NULL,0,0,'2021-12-20 13:47:31','2021-12-20 13:47:31',NULL),(77,'04-AREA-UT-GM-D',1,4,'{\"rules\": {\"options\": [\"04-AREA-SP-CH\"], \"trimmable\": [\"left\", \"right\", \"top\"], \"trimOffset\": {\"bottom\": 30}}, \"finishes\": [\"04-AREA-UT-GMT-D\", \"04-AREA-UT-SW-D\"], \"dimensions\": {\"depth\": {\"max\": {\"inches\": \"21\\\" 21/32\", \"millimeters\": 550}, \"min\": {\"inches\": \"18\\\" 1/8\", \"millimeters\": 460}}, \"width\": {\"max\": {\"inches\": \"11\\\" 13/16\", \"millimeters\": 300}, \"min\": {\"inches\": \"7\\\" 7/8\", \"millimeters\": 200}}, \"height\": {\"inches\": \"2\\\" 1/16\", \"millimeters\": 52}}, \"partNumber\": \"04-AREA-UT-GM-D\"}','images/module/area/04-AREA-UT-xxx-D/04-AREA-UT-GM-D/04-AREA-UT-GM-D.jpg',0,0,'modules/area/04-area-ut-xxx-d/04-area-ut-gm-d/module',0,0,NULL,1,NULL,NULL,NULL,0,0,'2021-12-20 13:47:31','2021-12-20 13:47:31',NULL),(78,'04-AREA-UT-GMT-D',1,5,'{\"rules\": {\"options\": [\"04-AREA-SP-CH\"], \"trimmable\": [\"left\", \"right\", \"top\"], \"trimOffset\": {\"bottom\": 30}}, \"finishes\": [\"04-AREA-UT-GM-D\", \"04-AREA-UT-SW-D\"], \"dimensions\": {\"depth\": {\"max\": {\"inches\": \"21\\\" 21/32\", \"millimeters\": 550}, \"min\": {\"inches\": \"18\\\" 1/8\", \"millimeters\": 460}}, \"width\": {\"max\": {\"inches\": \"11\\\" 13/16\", \"millimeters\": 300}, \"min\": {\"inches\": \"7\\\" 7/8\", \"millimeters\": 200}}, \"height\": {\"inches\": \"2\\\" 1/16\", \"millimeters\": 52}}, \"partNumber\": \"04-AREA-UT-GMT-D\"}','images/module/area/04-AREA-UT-xxx-D/04-AREA-UT-GMT-D/04-AREA-UT-GMT-D.jpg',0,0,'modules/area/04-area-ut-xxx-d/04-area-ut-gmt-d/module',0,0,NULL,1,NULL,NULL,NULL,0,0,'2021-12-20 13:47:31','2021-12-20 13:47:31',NULL),(79,'04-AREA-UT-SW-D',1,3,'{\"rules\": {\"options\": [\"04-AREA-SP-CH\"], \"trimmable\": [\"left\", \"right\", \"top\"], \"trimOffset\": {\"bottom\": 30}}, \"finishes\": [\"04-AREA-UT-GM-D\", \"04-AREA-UT-GMT-D\"], \"dimensions\": {\"depth\": {\"max\": {\"inches\": \"21\\\" 21/32\", \"millimeters\": 550}, \"min\": {\"inches\": \"18\\\" 1/8\", \"millimeters\": 460}}, \"width\": {\"max\": {\"inches\": \"11\\\" 13/16\", \"millimeters\": 300}, \"min\": {\"inches\": \"7\\\" 7/8\", \"millimeters\": 200}}, \"height\": {\"inches\": \"2\\\" 1/16\", \"millimeters\": 52}}, \"partNumber\": \"04-AREA-UT-SW-D\"}','images/module/area/04-AREA-UT-xxx-D/04-AREA-UT-SW-D/04-AREA-UT-SW-D.jpg',0,0,'modules/area/04-area-ut-xxx-d/04-area-ut-sw-d/module',0,0,NULL,1,NULL,NULL,NULL,0,0,'2021-12-20 13:47:31','2021-12-20 13:47:31',NULL),(80,'04-AREA-UT-GM-E',1,4,'{\"rules\": {\"options\": [\"04-AREA-SP-CH\"], \"trimmable\": [\"left\", \"right\", \"top\"], \"trimOffset\": {\"bottom\": 30}}, \"finishes\": [\"04-AREA-UT-GMT-E\", \"04-AREA-UT-SW-E\"], \"dimensions\": {\"depth\": {\"max\": {\"inches\": \"21\\\" 21/32\", \"millimeters\": 550}, \"min\": {\"inches\": \"18\\\" 1/8\", \"millimeters\": 460}}, \"width\": {\"max\": {\"inches\": \"13\\\" 25/32\", \"millimeters\": 350}, \"min\": {\"inches\": \"11\\\" 13/16\", \"millimeters\": 300}}, \"height\": {\"inches\": \"2\\\" 1/16\", \"millimeters\": 52}}, \"partNumber\": \"04-AREA-UT-GM-E\"}','images/module/area/04-AREA-UT-xxx-E/04-AREA-UT-GM-E/04-AREA-UT-GM-E.jpg',0,0,'modules/area/04-area-ut-xxx-e/04-area-ut-gm-e/module',0,0,NULL,1,NULL,NULL,NULL,0,0,'2021-12-20 13:47:31','2021-12-20 13:47:31',NULL),(81,'04-AREA-UT-GMT-E',1,5,'{\"rules\": {\"options\": [\"04-AREA-SP-CH\"], \"trimmable\": [\"left\", \"right\", \"top\"], \"trimOffset\": {\"bottom\": 30}}, \"finishes\": [\"04-AREA-UT-GM-E\", \"04-AREA-UT-SW-E\"], \"dimensions\": {\"depth\": {\"max\": {\"inches\": \"21\\\" 21/32\", \"millimeters\": 550}, \"min\": {\"inches\": \"18\\\" 1/8\", \"millimeters\": 460}}, \"width\": {\"max\": {\"inches\": \"13\\\" 25/32\", \"millimeters\": 350}, \"min\": {\"inches\": \"11\\\" 13/16\", \"millimeters\": 300}}, \"height\": {\"inches\": \"2\\\" 1/16\", \"millimeters\": 52}}, \"partNumber\": \"04-AREA-UT-GMT-E\"}','images/module/area/04-AREA-UT-xxx-E/04-AREA-UT-GMT-E/04-AREA-UT-GMT-E.jpg',0,0,'modules/area/04-area-ut-xxx-e/04-area-ut-gmt-e/module',0,0,NULL,1,NULL,NULL,NULL,0,0,'2021-12-20 13:47:31','2021-12-20 13:47:31',NULL),(82,'04-AREA-UT-SW-E',1,3,'{\"rules\": {\"options\": [\"04-AREA-SP-CH\"], \"trimmable\": [\"left\", \"right\", \"top\"], \"trimOffset\": {\"bottom\": 30}}, \"finishes\": [\"04-AREA-UT-GM-E\", \"04-AREA-UT-GMT-E\"], \"dimensions\": {\"depth\": {\"max\": {\"inches\": \"21\\\" 21/32\", \"millimeters\": 550}, \"min\": {\"inches\": \"18\\\" 1/8\", \"millimeters\": 460}}, \"width\": {\"max\": {\"inches\": \"13\\\" 25/32\", \"millimeters\": 350}, \"min\": {\"inches\": \"11\\\" 13/16\", \"millimeters\": 300}}, \"height\": {\"inches\": \"2\\\" 1/16\", \"millimeters\": 52}}, \"partNumber\": \"04-AREA-UT-SW-E\"}','images/module/area/04-AREA-UT-xxx-E/04-AREA-UT-SW-E/04-AREA-UT-SW-E.jpg',0,0,'modules/area/04-area-ut-xxx-e/04-area-ut-sw-e/module',0,0,NULL,1,NULL,NULL,NULL,0,0,'2021-12-20 13:47:31','2021-12-20 13:47:31',NULL),(83,'04-AREA-UT-GM-F',1,4,'{\"rules\": {\"options\": [\"04-AREA-SP-CH\"], \"trimmable\": [\"left\", \"right\", \"top\"], \"trimOffset\": {\"bottom\": 30}}, \"finishes\": [\"04-AREA-UT-GMT-F\", \"04-AREA-UT-SW-F\"], \"dimensions\": {\"depth\": {\"max\": {\"inches\": \"21\\\" 21/32\", \"millimeters\": 550}, \"min\": {\"inches\": \"18\\\" 1/8\", \"millimeters\": 460}}, \"width\": {\"max\": {\"inches\": \"15\\\" 3/4\", \"millimeters\": 400}, \"min\": {\"inches\": \"13\\\" 25/32\", \"millimeters\": 350}}, \"height\": {\"inches\": \"2\\\" 1/16\", \"millimeters\": 52}}, \"partNumber\": \"04-AREA-UT-GM-F\"}','images/module/area/04-AREA-UT-xxx-F/04-AREA-UT-GM-F/04-AREA-UT-GM-F.jpg',0,0,'modules/area/04-area-ut-xxx-f/04-area-ut-gm-f/module',0,0,NULL,1,NULL,NULL,NULL,0,0,'2021-12-20 13:47:31','2021-12-20 13:47:31',NULL),(84,'04-AREA-UT-GMT-F',1,5,'{\"rules\": {\"options\": [\"04-AREA-SP-CH\"], \"trimmable\": [\"left\", \"right\", \"top\"], \"trimOffset\": {\"bottom\": 30}}, \"finishes\": [\"04-AREA-UT-GM-F\", \"04-AREA-UT-SW-F\"], \"dimensions\": {\"depth\": {\"max\": {\"inches\": \"21\\\" 21/32\", \"millimeters\": 550}, \"min\": {\"inches\": \"18\\\" 1/8\", \"millimeters\": 460}}, \"width\": {\"max\": {\"inches\": \"15\\\" 3/4\", \"millimeters\": 400}, \"min\": {\"inches\": \"13\\\" 25/32\", \"millimeters\": 350}}, \"height\": {\"inches\": \"2\\\" 1/16\", \"millimeters\": 52}}, \"partNumber\": \"04-AREA-UT-GMT-F\"}','images/module/area/04-AREA-UT-xxx-F/04-AREA-UT-GMT-F/04-AREA-UT-GMT-F.jpg',0,0,'modules/area/04-area-ut-xxx-f/04-area-ut-gmt-f/module',0,0,NULL,1,NULL,NULL,NULL,0,0,'2021-12-20 13:47:31','2021-12-20 13:47:31',NULL),(85,'04-AREA-UT-SW-F',1,3,'{\"rules\": {\"options\": [\"04-AREA-SP-CH\"], \"trimmable\": [\"left\", \"right\", \"top\"], \"trimOffset\": {\"bottom\": 30}}, \"finishes\": [\"04-AREA-UT-GM-F\", \"04-AREA-UT-GMT-F\"], \"dimensions\": {\"depth\": {\"max\": {\"inches\": \"21\\\" 21/32\", \"millimeters\": 550}, \"min\": {\"inches\": \"18\\\" 1/8\", \"millimeters\": 460}}, \"width\": {\"max\": {\"inches\": \"15\\\" 3/4\", \"millimeters\": 400}, \"min\": {\"inches\": \"13\\\" 25/32\", \"millimeters\": 350}}, \"height\": {\"inches\": \"2\\\" 1/16\", \"millimeters\": 52}}, \"partNumber\": \"04-AREA-UT-SW-F\"}','images/module/area/04-AREA-UT-xxx-F/04-AREA-UT-SW-F/04-AREA-UT-SW-F.jpg',0,0,'modules/area/04-area-ut-xxx-f/04-area-ut-sw-f/module',0,0,NULL,1,NULL,NULL,NULL,0,0,'2021-12-20 13:47:31','2021-12-20 13:47:31',NULL),(86,'04-AREA-UT-GM-G',1,4,'{\"rules\": {\"options\": [\"04-AREA-SP-CH\"], \"trimmable\": [\"left\", \"right\", \"top\"], \"trimOffset\": {\"bottom\": 30}}, \"finishes\": [\"04-AREA-UT-GMT-G\", \"04-AREA-UT-SW-G\"], \"dimensions\": {\"depth\": {\"max\": {\"inches\": \"21\\\" 21/32\", \"millimeters\": 550}, \"min\": {\"inches\": \"18\\\" 1/8\", \"millimeters\": 460}}, \"width\": {\"max\": {\"inches\": \"19\\\" 11/16\", \"millimeters\": 500}, \"min\": {\"inches\": \"15\\\" 3/4\", \"millimeters\": 400}}, \"height\": {\"inches\": \"2\\\" 1/16\", \"millimeters\": 52}}, \"partNumber\": \"04-AREA-UT-GM-G\"}','images/module/area/04-AREA-UT-xxx-G/04-AREA-UT-GM-G/04-AREA-UT-GM-G.jpg',0,0,'modules/area/04-area-ut-xxx-g/04-area-ut-gm-g/module',0,0,NULL,1,NULL,NULL,NULL,0,0,'2021-12-20 13:47:31','2021-12-20 13:47:31',NULL),(87,'04-AREA-UT-GMT-G',1,5,'{\"rules\": {\"options\": [\"04-AREA-SP-CH\"], \"trimmable\": [\"left\", \"right\", \"top\"], \"trimOffset\": {\"bottom\": 30}}, \"finishes\": [\"04-AREA-UT-GM-G\", \"04-AREA-UT-SW-G\"], \"dimensions\": {\"depth\": {\"max\": {\"inches\": \"21\\\" 21/32\", \"millimeters\": 550}, \"min\": {\"inches\": \"18\\\" 1/8\", \"millimeters\": 460}}, \"width\": {\"max\": {\"inches\": \"19\\\" 11/16\", \"millimeters\": 500}, \"min\": {\"inches\": \"15\\\" 3/4\", \"millimeters\": 400}}, \"height\": {\"inches\": \"2\\\" 1/16\", \"millimeters\": 52}}, \"partNumber\": \"04-AREA-UT-GMT-G\"}','images/module/area/04-AREA-UT-xxx-G/04-AREA-UT-GMT-G/04-AREA-UT-GMT-G.jpg',0,0,'modules/area/04-area-ut-xxx-g/04-area-ut-gmt-g/module',0,0,NULL,1,NULL,NULL,NULL,0,0,'2021-12-20 13:47:31','2021-12-20 13:47:31',NULL),(88,'04-AREA-UT-SW-G',1,3,'{\"rules\": {\"options\": [\"04-AREA-SP-CH\"], \"trimmable\": [\"left\", \"right\", \"top\"], \"trimOffset\": {\"bottom\": 30}}, \"finishes\": [\"04-AREA-UT-GM-G\", \"04-AREA-UT-GMT-G\"], \"dimensions\": {\"depth\": {\"max\": {\"inches\": \"21\\\" 21/32\", \"millimeters\": 550}, \"min\": {\"inches\": \"18\\\" 1/8\", \"millimeters\": 460}}, \"width\": {\"max\": {\"inches\": \"19\\\" 11/16\", \"millimeters\": 500}, \"min\": {\"inches\": \"15\\\" 3/4\", \"millimeters\": 400}}, \"height\": {\"inches\": \"2\\\" 1/16\", \"millimeters\": 52}}, \"partNumber\": \"04-AREA-UT-SW-G\"}','images/module/area/04-AREA-UT-xxx-G/04-AREA-UT-SW-G/04-AREA-UT-SW-G.jpg',0,0,'modules/area/04-area-ut-xxx-g/04-area-ut-sw-g/module',0,0,NULL,1,NULL,NULL,NULL,0,0,'2021-12-20 13:47:31','2021-12-20 13:47:31',NULL),(89,'04-AREA-UT-GM-H',1,4,'{\"rules\": {\"options\": [\"04-AREA-SP-CH\"], \"trimmable\": [\"left\", \"right\", \"top\"], \"trimOffset\": {\"bottom\": 30}}, \"finishes\": [\"04-AREA-UT-GMT-H\", \"04-AREA-UT-SW-H\"], \"dimensions\": {\"depth\": {\"max\": {\"inches\": \"21\\\" 21/32\", \"millimeters\": 550}, \"min\": {\"inches\": \"18\\\" 1/8\", \"millimeters\": 460}}, \"width\": {\"max\": {\"inches\": \"23\\\" 5/8\", \"millimeters\": 600}, \"min\": {\"inches\": \"19\\\" 11/16\", \"millimeters\": 500}}, \"height\": {\"inches\": \"2\\\" 1/16\", \"millimeters\": 52}}, \"partNumber\": \"04-AREA-UT-GM-H\"}','images/module/area/04-AREA-UT-xxx-H/04-AREA-UT-GM-H/04-AREA-UT-GM-H.jpg',0,0,'modules/area/04-area-ut-xxx-h/04-area-ut-gm-h/module',0,0,NULL,1,NULL,NULL,NULL,0,0,'2021-12-20 13:47:31','2021-12-20 13:47:31',NULL),(90,'04-AREA-UT-GMT-H',1,5,'{\"rules\": {\"options\": [\"04-AREA-SP-CH\"], \"trimmable\": [\"left\", \"right\", \"top\"], \"trimOffset\": {\"bottom\": 30}}, \"finishes\": [\"04-AREA-UT-GM-H\", \"04-AREA-UT-SW-H\"], \"dimensions\": {\"depth\": {\"max\": {\"inches\": \"21\\\" 21/32\", \"millimeters\": 550}, \"min\": {\"inches\": \"18\\\" 1/8\", \"millimeters\": 460}}, \"width\": {\"max\": {\"inches\": \"23\\\" 5/8\", \"millimeters\": 600}, \"min\": {\"inches\": \"19\\\" 11/16\", \"millimeters\": 500}}, \"height\": {\"inches\": \"2\\\" 1/16\", \"millimeters\": 52}}, \"partNumber\": \"04-AREA-UT-GMT-H\"}','images/module/area/04-AREA-UT-xxx-H/04-AREA-UT-GMT-H/04-AREA-UT-GMT-H.jpg',0,0,'modules/area/04-area-ut-xxx-h/04-area-ut-gmt-h/module',0,0,NULL,1,NULL,NULL,NULL,0,0,'2021-12-20 13:47:31','2021-12-20 13:47:31',NULL),(91,'04-AREA-UT-SW-H',1,3,'{\"rules\": {\"options\": [\"04-AREA-SP-CH\"], \"trimmable\": [\"left\", \"right\", \"top\"], \"trimOffset\": {\"bottom\": 30}}, \"finishes\": [\"04-AREA-UT-GM-H\", \"04-AREA-UT-GMT-H\"], \"dimensions\": {\"depth\": {\"max\": {\"inches\": \"21\\\" 21/32\", \"millimeters\": 550}, \"min\": {\"inches\": \"18\\\" 1/8\", \"millimeters\": 460}}, \"width\": {\"max\": {\"inches\": \"23\\\" 5/8\", \"millimeters\": 600}, \"min\": {\"inches\": \"19\\\" 11/16\", \"millimeters\": 500}}, \"height\": {\"inches\": \"2\\\" 1/16\", \"millimeters\": 52}}, \"partNumber\": \"04-AREA-UT-SW-H\"}','images/module/area/04-AREA-UT-xxx-H/04-AREA-UT-SW-H/04-AREA-UT-SW-H.jpg',0,0,'modules/area/04-area-ut-xxx-h/04-area-ut-sw-h/module',0,0,NULL,1,NULL,NULL,NULL,0,0,'2021-12-20 13:47:31','2021-12-20 13:47:31',NULL),(92,'04-AU-ACCENT-AN-69',3,8,'{\"rules\": {\"rotation\": 90}, \"finishes\": [\"04-AU-ACCENT-SW-69\", \"04-AU-ACCENT-MB-69\", \"04-AU-ACCENT-SD-69\", \"04-AU-ACCENT-AU79-69\"], \"partNumber\": \"04-AU-ACCENT-AN-69\"}','images/module/autograph/04-AU-ACCENT-xx-67/04-AU-ACCENT-AN-69/04-AU-ACCENT-AN-69.jpg',0,1,'modules/autograph/04-au-accent-xx-67/04-au-accent-an-69/module',0,0,NULL,0,NULL,NULL,NULL,0,0,'2021-12-20 13:47:31','2021-12-20 13:47:31',NULL),(93,'04-AU-ACCENT-AU79-69',3,9,'{\"rules\": {\"rotation\": 90}, \"finishes\": [\"04-AU-ACCENT-SW-69\", \"04-AU-ACCENT-MB-69\", \"04-AU-ACCENT-SD-69\", \"04-AU-ACCENT-AN-69\"], \"partNumber\": \"04-AU-ACCENT-AU79-69\"}','images/module/autograph/04-AU-ACCENT-xx-67/04-AU-ACCENT-AU79-69/04-AU-ACCENT-AU79-69.jpg',0,1,'modules/autograph/04-au-accent-xx-67/04-au-accent-au79-69/module',0,0,NULL,0,NULL,NULL,NULL,0,0,'2021-12-20 13:47:31','2021-12-20 13:47:31',NULL),(94,'04-AU-ACCENT-MB-69',3,6,'{\"rules\": {\"rotation\": 90}, \"finishes\": [\"04-AU-ACCENT-SW-69\", \"04-AU-ACCENT-SD-69\", \"04-AU-ACCENT-AN-69\", \"04-AU-ACCENT-AU79-69\"], \"partNumber\": \"04-AU-ACCENT-MB-69\"}','images/module/autograph/04-AU-ACCENT-xx-67/04-AU-ACCENT-MB-69/04-AU-ACCENT-MB-69.jpg',0,1,'modules/autograph/04-au-accent-xx-67/04-au-accent-mb-69/module',0,0,NULL,0,NULL,NULL,NULL,0,0,'2021-12-20 13:47:31','2021-12-20 13:47:31',NULL),(95,'04-AU-ACCENT-SD-69',3,7,'{\"rules\": {\"rotation\": 90}, \"finishes\": [\"04-AU-ACCENT-SW-69\", \"04-AU-ACCENT-MB-69\", \"04-AU-ACCENT-AN-69\", \"04-AU-ACCENT-AU79-69\"], \"partNumber\": \"04-AU-ACCENT-SD-69\"}','images/module/autograph/04-AU-ACCENT-xx-67/04-AU-ACCENT-SD-69/04-AU-ACCENT-SD-69.jpg',0,1,'modules/autograph/04-au-accent-xx-67/04-au-accent-sd-69/module',0,0,NULL,0,NULL,NULL,NULL,0,0,'2021-12-20 13:47:31','2021-12-20 13:47:31',NULL),(96,'04-AU-ACCENT-SW-69',3,3,'{\"rules\": {\"rotation\": 90}, \"finishes\": [\"04-AU-ACCENT-MB-69\", \"04-AU-ACCENT-SD-69\", \"04-AU-ACCENT-AN-69\", \"04-AU-ACCENT-AU79-69\"], \"partNumber\": \"04-AU-ACCENT-SW-69\"}','images/module/autograph/04-AU-ACCENT-xx-67/04-AU-ACCENT-SW-69/04-AU-ACCENT-SW-69.jpg',0,1,'modules/autograph/04-au-accent-xx-67/04-au-accent-sw-69/module',0,0,NULL,0,NULL,NULL,NULL,0,0,'2021-12-20 13:47:31','2021-12-20 13:47:31',NULL),(97,'04-AU-ACCENT-AN-89',3,8,'{\"rules\": {\"rotation\": 90}, \"finishes\": [\"04-AU-ACCENT-SW-89\", \"04-AU-ACCENT-MB-89\", \"04-AU-ACCENT-SD-89\", \"04-AU-ACCENT-AU79-89\"], \"partNumber\": \"04-AU-ACCENT-AN-89\"}','images/module/autograph/04-AU-ACCENT-xx-87/04-AU-ACCENT-AN-89/04-AU-ACCENT-AN-89.jpg',0,1,'modules/autograph/04-au-accent-xx-87/04-au-accent-an-89/module',0,0,NULL,0,NULL,NULL,NULL,0,0,'2021-12-20 13:47:31','2021-12-20 13:47:31',NULL),(98,'04-AU-ACCENT-AU79-89',3,9,'{\"rules\": {\"rotation\": 90}, \"finishes\": [\"04-AU-ACCENT-SW-89\", \"04-AU-ACCENT-MB-89\", \"04-AU-ACCENT-SD-89\", \"04-AU-ACCENT-AN-89\"], \"partNumber\": \"04-AU-ACCENT-AU79-89\"}','images/module/autograph/04-AU-ACCENT-xx-87/04-AU-ACCENT-AU79-89/04-AU-ACCENT-AU79-89.jpg',0,1,'modules/autograph/04-au-accent-xx-87/04-au-accent-au79-89/module',0,0,NULL,0,NULL,NULL,NULL,0,0,'2021-12-20 13:47:31','2021-12-20 13:47:31',NULL),(99,'04-AU-ACCENT-MB-89',3,6,'{\"rules\": {\"rotation\": 90}, \"finishes\": [\"04-AU-ACCENT-SW-89\", \"04-AU-ACCENT-SD-89\", \"04-AU-ACCENT-AN-89\", \"04-AU-ACCENT-AU79-89\"], \"partNumber\": \"04-AU-ACCENT-MB-89\"}','images/module/autograph/04-AU-ACCENT-xx-87/04-AU-ACCENT-MB-89/04-AU-ACCENT-MB-89.jpg',0,1,'modules/autograph/04-au-accent-xx-87/04-au-accent-mb-89/module',0,0,NULL,0,NULL,NULL,NULL,0,0,'2021-12-20 13:47:31','2021-12-20 13:47:31',NULL),(100,'04-AU-ACCENT-SD-89',3,7,'{\"rules\": {\"rotation\": 90}, \"finishes\": [\"04-AU-ACCENT-SW-89\", \"04-AU-ACCENT-MB-89\", \"04-AU-ACCENT-AN-89\", \"04-AU-ACCENT-AU79-89\"], \"partNumber\": \"04-AU-ACCENT-SD-89\"}','images/module/autograph/04-AU-ACCENT-xx-87/04-AU-ACCENT-SD-89/04-AU-ACCENT-SD-89.jpg',0,1,'modules/autograph/04-au-accent-xx-87/04-au-accent-sd-89/module',0,0,NULL,0,NULL,NULL,NULL,0,0,'2021-12-20 13:47:31','2021-12-20 13:47:31',NULL),(101,'04-AU-ACCENT-SW-89',3,3,'{\"rules\": {\"rotation\": 90}, \"finishes\": [\"04-AU-ACCENT-MB-89\", \"04-AU-ACCENT-SD-89\", \"04-AU-ACCENT-AN-89\", \"04-AU-ACCENT-AU79-89\"], \"partNumber\": \"04-AU-ACCENT-SW-89\"}','images/module/autograph/04-AU-ACCENT-xx-87/04-AU-ACCENT-SW-89/04-AU-ACCENT-SW-89.jpg',0,1,'modules/autograph/04-au-accent-xx-87/04-au-accent-sw-89/module',0,0,NULL,0,NULL,NULL,NULL,0,0,'2021-12-20 13:47:31','2021-12-20 13:47:31',NULL),(102,'04-AU-ACCENT-AN-95',3,8,'{\"rules\": {\"rotation\": 90}, \"finishes\": [\"04-AU-ACCENT-SW-95\", \"04-AU-ACCENT-MB-95\", \"04-AU-ACCENT-SD-95\", \"04-AU-ACCENT-AU79-95\"], \"partNumber\": \"04-AU-ACCENT-AN-95\"}','images/module/autograph/04-AU-ACCENT-xx-93/04-AU-ACCENT-AN-95/04-AU-ACCENT-AN-95.jpg',0,1,'modules/autograph/04-au-accent-xx-93/04-au-accent-an-95/module',0,0,NULL,0,NULL,NULL,NULL,0,0,'2021-12-20 13:47:31','2021-12-20 13:47:31',NULL),(103,'04-AU-ACCENT-AU79-95',3,9,'{\"rules\": {\"rotation\": 90}, \"finishes\": [\"04-AU-ACCENT-SW-95\", \"04-AU-ACCENT-MB-95\", \"04-AU-ACCENT-SD-95\", \"04-AU-ACCENT-AN-95\"], \"partNumber\": \"04-AU-ACCENT-AU79-95\"}','images/module/autograph/04-AU-ACCENT-xx-93/04-AU-ACCENT-AU79-95/04-AU-ACCENT-AU79-95.jpg',0,1,'modules/autograph/04-au-accent-xx-93/04-au-accent-au79-95/module',0,0,NULL,0,NULL,NULL,NULL,0,0,'2021-12-20 13:47:31','2021-12-20 13:47:31',NULL),(104,'04-AU-ACCENT-MB-95',3,6,'{\"rules\": {\"rotation\": 90}, \"finishes\": [\"04-AU-ACCENT-SW-95\", \"04-AU-ACCENT-SD-95\", \"04-AU-ACCENT-AN-95\", \"04-AU-ACCENT-AU79-95\"], \"partNumber\": \"04-AU-ACCENT-MB-95\"}','images/module/autograph/04-AU-ACCENT-xx-93/04-AU-ACCENT-MB-95/04-AU-ACCENT-MB-95.jpg',0,1,'modules/autograph/04-au-accent-xx-93/04-au-accent-mb-95/module',0,0,NULL,0,NULL,NULL,NULL,0,0,'2021-12-20 13:47:31','2021-12-20 13:47:31',NULL),(105,'04-AU-ACCENT-SD-95',3,7,'{\"rules\": {\"rotation\": 90}, \"finishes\": [\"04-AU-ACCENT-SW-95\", \"04-AU-ACCENT-MB-95\", \"04-AU-ACCENT-AN-95\", \"04-AU-ACCENT-AU79-95\"], \"partNumber\": \"04-AU-ACCENT-SD-95\"}','images/module/autograph/04-AU-ACCENT-xx-93/04-AU-ACCENT-SD-95/04-AU-ACCENT-SD-95.jpg',0,1,'modules/autograph/04-au-accent-xx-93/04-au-accent-sd-95/module',0,0,NULL,0,NULL,NULL,NULL,0,0,'2021-12-20 13:47:31','2021-12-20 13:47:31',NULL),(106,'04-AU-ACCENT-SW-95',3,3,'{\"rules\": {\"rotation\": 90}, \"finishes\": [\"04-AU-ACCENT-MB-95\", \"04-AU-ACCENT-SD-95\", \"04-AU-ACCENT-AN-95\", \"04-AU-ACCENT-AU79-95\"], \"partNumber\": \"04-AU-ACCENT-SW-95\"}','images/module/autograph/04-AU-ACCENT-xx-93/04-AU-ACCENT-SW-95/04-AU-ACCENT-SW-95.jpg',0,1,'modules/autograph/04-au-accent-xx-93/04-au-accent-sw-95/module',0,0,NULL,0,NULL,NULL,NULL,0,0,'2021-12-20 13:47:31','2021-12-20 13:47:31',NULL),(107,'04-AU-ACCENT-AN-141',3,8,'{\"rules\": {\"rotation\": 90}, \"finishes\": [\"04-AU-ACCENT-SW-141\", \"04-AU-ACCENT-MB-141\", \"04-AU-ACCENT-SD-141\", \"04-AU-ACCENT-AU79-141\"], \"partNumber\": \"04-AU-ACCENT-AN-141\"}','images/module/autograph/04-AU-ACCENT-xx-139/04-AU-ACCENT-AN-141/04-AU-ACCENT-AN-141.jpg',0,1,'modules/autograph/04-au-accent-xx-139/04-au-accent-an-141/module',0,0,NULL,0,NULL,NULL,NULL,0,0,'2021-12-20 13:47:31','2021-12-20 13:47:31',NULL),(108,'04-AU-ACCENT-AU79-141',3,9,'{\"rules\": {\"rotation\": 90}, \"finishes\": [\"04-AU-ACCENT-SW-141\", \"04-AU-ACCENT-MB-141\", \"04-AU-ACCENT-SD-141\", \"04-AU-ACCENT-AN-141\"], \"partNumber\": \"04-AU-ACCENT-AU79-141\"}','images/module/autograph/04-AU-ACCENT-xx-139/04-AU-ACCENT-AU79-141/04-AU-ACCENT-AU79-141.jpg',0,1,'modules/autograph/04-au-accent-xx-139/04-au-accent-au79-141/module',0,0,NULL,0,NULL,NULL,NULL,0,0,'2021-12-20 13:47:31','2021-12-20 13:47:31',NULL),(109,'04-AU-ACCENT-MB-141',3,6,'{\"rules\": {\"rotation\": 90}, \"finishes\": [\"04-AU-ACCENT-SW-141\", \"04-AU-ACCENT-SD-141\", \"04-AU-ACCENT-AN-141\", \"04-AU-ACCENT-AU79-141\"], \"partNumber\": \"04-AU-ACCENT-MB-141\"}','images/module/autograph/04-AU-ACCENT-xx-139/04-AU-ACCENT-MB-141/04-AU-ACCENT-MB-141.jpg',0,1,'modules/autograph/04-au-accent-xx-139/04-au-accent-mb-141/module',0,0,NULL,0,NULL,NULL,NULL,0,0,'2021-12-20 13:47:31','2021-12-20 13:47:31',NULL),(110,'04-AU-ACCENT-SD-141',3,7,'{\"rules\": {\"rotation\": 90}, \"finishes\": [\"04-AU-ACCENT-SW-141\", \"04-AU-ACCENT-MB-141\", \"04-AU-ACCENT-AN-141\", \"04-AU-ACCENT-AU79-141\"], \"partNumber\": \"04-AU-ACCENT-SD-141\"}','images/module/autograph/04-AU-ACCENT-xx-139/04-AU-ACCENT-SD-141/04-AU-ACCENT-SD-141.jpg',0,1,'modules/autograph/04-au-accent-xx-139/04-au-accent-sd-141/module',0,0,NULL,0,NULL,NULL,NULL,0,0,'2021-12-20 13:47:31','2021-12-20 13:47:31',NULL),(111,'04-AU-ACCENT-SW-141',3,3,'{\"rules\": {\"rotation\": 90}, \"finishes\": [\"04-AU-ACCENT-MB-141\", \"04-AU-ACCENT-SD-141\", \"04-AU-ACCENT-AN-141\", \"04-AU-ACCENT-AU79-141\"], \"partNumber\": \"04-AU-ACCENT-SW-141\"}','images/module/autograph/04-AU-ACCENT-xx-139/04-AU-ACCENT-SW-141/04-AU-ACCENT-SW-141.jpg',0,1,'modules/autograph/04-au-accent-xx-139/04-au-accent-sw-141/module',0,0,NULL,0,NULL,NULL,NULL,0,0,'2021-12-20 13:47:31','2021-12-20 13:47:31',NULL),(112,'04-AU-ACCENT-AN-189',3,8,'{\"rules\": {\"rotation\": 90}, \"finishes\": [\"04-AU-ACCENT-SW-189\", \"04-AU-ACCENT-MB-189\", \"04-AU-ACCENT-SD-189\", \"04-AU-ACCENT-AU79-189\"], \"partNumber\": \"04-AU-ACCENT-AN-189\"}','images/module/autograph/04-AU-ACCENT-xx-187/04-AU-ACCENT-AN-189/04-AU-ACCENT-AN-189.jpg',0,1,'modules/autograph/04-au-accent-xx-187/module',0,0,NULL,0,NULL,NULL,NULL,0,0,'2021-12-20 13:47:31','2021-12-20 13:47:31',NULL),(113,'04-AU-ACCENT-AU79-189',3,9,'{\"rules\": {\"rotation\": 90}, \"finishes\": [\"04-AU-ACCENT-SW-189\", \"04-AU-ACCENT-MB-189\", \"04-AU-ACCENT-SD-189\", \"04-AU-ACCENT-AN-189\"], \"partNumber\": \"04-AU-ACCENT-AU79-189\"}','images/module/autograph/04-AU-ACCENT-xx-187/04-AU-ACCENT-AU79-189/04-AU-ACCENT-AU79-189.jpg',0,1,'modules/autograph/04-au-accent-xx-187/module',0,0,NULL,0,NULL,NULL,NULL,0,0,'2021-12-20 13:47:31','2021-12-20 13:47:31',NULL),(114,'04-AU-ACCENT-MB-189',3,6,'{\"rules\": {\"rotation\": 90}, \"finishes\": [\"04-AU-ACCENT-SW-189\", \"04-AU-ACCENT-SD-189\", \"04-AU-ACCENT-AN-189\", \"04-AU-ACCENT-AU79-189\"], \"partNumber\": \"04-AU-ACCENT-MB-189\"}','images/module/autograph/04-AU-ACCENT-xx-187/04-AU-ACCENT-MB-189/04-AU-ACCENT-MB-189.jpg',0,1,'modules/autograph/04-au-accent-xx-187/module',0,0,NULL,0,NULL,NULL,NULL,0,0,'2021-12-20 13:47:31','2021-12-20 13:47:31',NULL),(115,'04-AU-ACCENT-SD-189',3,7,'{\"rules\": {\"rotation\": 90}, \"finishes\": [\"04-AU-ACCENT-SW-189\", \"04-AU-ACCENT-MB-189\", \"04-AU-ACCENT-AN-189\", \"04-AU-ACCENT-AU79-189\"], \"partNumber\": \"04-AU-ACCENT-SD-189\"}','images/module/autograph/04-AU-ACCENT-xx-187/04-AU-ACCENT-SD-189/04-AU-ACCENT-SD-189.jpg',0,1,'modules/autograph/04-au-accent-xx-187/module',0,0,NULL,0,NULL,NULL,NULL,0,0,'2021-12-20 13:47:31','2021-12-20 13:47:31',NULL),(116,'04-AU-ACCENT-SW-189',3,3,'{\"rules\": {\"rotation\": 90}, \"finishes\": [\"04-AU-ACCENT-MB-189\", \"04-AU-ACCENT-SD-189\", \"04-AU-ACCENT-AN-189\", \"04-AU-ACCENT-AU79-189\"], \"partNumber\": \"04-AU-ACCENT-SW-189\"}','images/module/autograph/04-AU-ACCENT-xx-187/04-AU-ACCENT-SW-189/04-AU-ACCENT-SW-189.jpg',0,1,'modules/autograph/04-au-accent-xx-187/module',0,0,NULL,0,NULL,NULL,NULL,0,0,'2021-12-20 13:47:31','2021-12-20 13:47:31',NULL),(117,'04-AU-DIVIDER-AN',3,8,'{\"rules\": {\"rotation\": 90}, \"finishes\": [\"04-AU-DIVIDER-SW\", \"04-AU-DIVIDER-MB\", \"04-AU-DIVIDER-SD\", \"04-AU-DIVIDER-AU79\"], \"partNumber\": \"04-AU-DIVIDER-AN\"}','images/module/autograph/04-AU-DIVIDER-xx/04-AU-DIVIDER-AN/04-AU-DIVIDER-AN.jpg',0,1,'modules/autograph/04-au-divider-xx/04-au-divider-an/module',0,0,NULL,0,NULL,NULL,NULL,0,0,'2021-12-20 13:47:31','2021-12-20 13:47:31',NULL),(118,'04-AU-DIVIDER-AU79',3,9,'{\"rules\": {\"rotation\": 90}, \"finishes\": [\"04-AU-DIVIDER-SW\", \"04-AU-DIVIDER-MB\", \"04-AU-DIVIDER-SD\", \"04-AU-DIVIDER-AN\"], \"partNumber\": \"04-AU-DIVIDER-AU79\"}','images/module/autograph/04-AU-DIVIDER-xx/04-AU-DIVIDER-AU79/04-AU-DIVIDER-AU79.jpg',0,1,'modules/autograph/04-au-divider-xx/04-au-divider-au79/module',0,0,NULL,0,NULL,NULL,NULL,0,0,'2021-12-20 13:47:31','2021-12-20 13:47:31',NULL),(119,'04-AU-DIVIDER-MB',3,6,'{\"rules\": {\"rotation\": 90}, \"finishes\": [\"04-AU-DIVIDER-SW\", \"04-AU-DIVIDER-SD\", \"04-AU-DIVIDER-AN\", \"04-AU-DIVIDER-AU79\"], \"partNumber\": \"04-AU-DIVIDER-MB\"}','images/module/autograph/04-AU-DIVIDER-xx/04-AU-DIVIDER-MB/04-AU-DIVIDER-MB.jpg',0,1,'modules/autograph/04-au-divider-xx/04-au-divider-mb/module',0,0,NULL,0,NULL,NULL,NULL,0,0,'2021-12-20 13:47:31','2021-12-20 13:47:31',NULL),(120,'04-AU-DIVIDER-SD',3,7,'{\"rules\": {\"rotation\": 90}, \"finishes\": [\"04-AU-DIVIDER-SW\", \"04-AU-DIVIDER-MB\", \"04-AU-DIVIDER-AN\", \"04-AU-DIVIDER-AU79\"], \"partNumber\": \"04-AU-DIVIDER-SD\"}','images/module/autograph/04-AU-DIVIDER-xx/04-AU-DIVIDER-SD/04-AU-DIVIDER-SD.jpg',0,1,'modules/autograph/04-au-divider-xx/04-au-divider-sd/module',0,0,NULL,0,NULL,NULL,NULL,0,0,'2021-12-20 13:47:31','2021-12-20 13:47:31',NULL),(121,'04-AU-DIVIDER-SW',3,3,'{\"rules\": {\"rotation\": 90}, \"finishes\": [\"04-AU-DIVIDER-MB\", \"04-AU-DIVIDER-SD\", \"04-AU-DIVIDER-AN\", \"04-AU-DIVIDER-AU79\"], \"partNumber\": \"04-AU-DIVIDER-SW\"}','images/module/autograph/04-AU-DIVIDER-xx/04-AU-DIVIDER-SW/04-AU-DIVIDER-SW.jpg',0,1,'modules/autograph/04-au-divider-xx/04-au-divider-sw/module',0,0,NULL,0,NULL,NULL,NULL,0,0,'2021-12-20 13:47:31','2021-12-20 13:47:31',NULL),(122,'04-AU-LSHAPE600-AN',3,8,'{\"rules\": {\"rotation\": 90, \"trimmable\": [\"left\", \"right\", \"bottom\"]}, \"finishes\": [\"04-AU-LSHAPE600-SW\", \"04-AU-LSHAPE600-MB\", \"04-AU-LSHAPE600-SD\", \"04-AU-LSHAPE600-AU79\"], \"dimensions\": {\"depth\": {\"max\": {\"inches\": \"23\\\" 5/8\", \"millimeters\": 600}}, \"width\": {\"max\": {\"inches\": \"3\\\" 15/16\", \"millimeters\": 100}}}, \"partNumber\": \"04-AU-LSHAPE600-AN\"}','images/module/autograph/04-AU-LSHAPE600-xx/04-AU-LSHAPE600-AN/04-AU-LSHAPE600-AN.jpg',0,0,'modules/autograph/04-au-lshape600-xx/04-au-lshape600-an/module',0,0,NULL,0,NULL,NULL,NULL,0,0,'2021-12-20 13:47:31','2021-12-20 13:47:31',NULL),(123,'04-AU-LSHAPE600-AU79',3,9,'{\"rules\": {\"rotation\": 90, \"trimmable\": [\"left\", \"right\", \"bottom\"]}, \"finishes\": [\"04-AU-LSHAPE600-SW\", \"04-AU-LSHAPE600-MB\", \"04-AU-LSHAPE600-SD\", \"04-AU-LSHAPE600-AN\"], \"dimensions\": {\"depth\": {\"max\": {\"inches\": \"23\\\" 5/8\", \"millimeters\": 600}}, \"width\": {\"max\": {\"inches\": \"3\\\" 15/16\", \"millimeters\": 100}}}, \"partNumber\": \"04-AU-LSHAPE600-AU79\"}','images/module/autograph/04-AU-LSHAPE600-xx/04-AU-LSHAPE600-AU79/04-AU-LSHAPE600-AU79.jpg',0,0,'modules/autograph/04-au-lshape600-xx/04-au-lshape600-au79/module',0,0,NULL,0,NULL,NULL,NULL,0,0,'2021-12-20 13:47:31','2021-12-20 13:47:31',NULL),(124,'04-AU-LSHAPE600-MB',3,6,'{\"rules\": {\"rotation\": 90, \"trimmable\": [\"left\", \"right\", \"bottom\"]}, \"finishes\": [\"04-AU-LSHAPE600-SW\", \"04-AU-LSHAPE600-SD\", \"04-AU-LSHAPE600-AN\", \"04-AU-LSHAPE600-AU79\"], \"dimensions\": {\"depth\": {\"max\": {\"inches\": \"23\\\" 5/8\", \"millimeters\": 600}}, \"width\": {\"max\": {\"inches\": \"3\\\" 15/16\", \"millimeters\": 100}}}, \"partNumber\": \"04-AU-LSHAPE600-MB\"}','images/module/autograph/04-AU-LSHAPE600-xx/04-AU-LSHAPE600-MB/04-AU-LSHAPE600-MB.jpg',0,0,'modules/autograph/04-au-lshape600-xx/04-au-lshape600-mb/module',0,0,NULL,0,NULL,NULL,NULL,0,0,'2021-12-20 13:47:31','2021-12-20 13:47:31',NULL),(125,'04-AU-LSHAPE600-SD',3,7,'{\"rules\": {\"rotation\": 90, \"trimmable\": [\"left\", \"right\", \"bottom\"]}, \"finishes\": [\"04-AU-LSHAPE600-SW\", \"04-AU-LSHAPE600-MB\", \"04-AU-LSHAPE600-AN\", \"04-AU-LSHAPE600-AU79\"], \"dimensions\": {\"depth\": {\"max\": {\"inches\": \"23\\\" 5/8\", \"millimeters\": 600}}, \"width\": {\"max\": {\"inches\": \"3\\\" 15/16\", \"millimeters\": 100}}}, \"partNumber\": \"04-AU-LSHAPE600-SD\"}','images/module/autograph/04-AU-LSHAPE600-xx/04-AU-LSHAPE600-SD/04-AU-LSHAPE600-SD.jpg',0,0,'modules/autograph/04-au-lshape600-xx/04-au-lshape600-sd/module',0,0,NULL,0,NULL,NULL,NULL,0,0,'2021-12-20 13:47:31','2021-12-20 13:47:31',NULL),(126,'04-AU-LSHAPE600-SW',3,3,'{\"rules\": {\"rotation\": 90, \"trimmable\": [\"left\", \"right\", \"bottom\"]}, \"finishes\": [\"04-AU-LSHAPE600-MB\", \"04-AU-LSHAPE600-SD\", \"04-AU-LSHAPE600-AN\", \"04-AU-LSHAPE600-AU79\"], \"dimensions\": {\"depth\": {\"max\": {\"inches\": \"23\\\" 5/8\", \"millimeters\": 600}}, \"width\": {\"max\": {\"inches\": \"3\\\" 15/16\", \"millimeters\": 100}}}, \"partNumber\": \"04-AU-LSHAPE600-SW\"}','images/module/autograph/04-AU-LSHAPE600-xx/04-AU-LSHAPE600-SW/04-AU-LSHAPE600-SW.jpg',0,0,'modules/autograph/04-au-lshape600-xx/04-au-lshape600-sw/module',0,0,NULL,0,NULL,NULL,NULL,0,0,'2021-12-20 13:47:31','2021-12-20 13:47:31',NULL),(127,'04-AU-LSHAPE1200-AN',3,8,'{\"rules\": {\"rotation\": 90, \"trimmable\": [\"left\", \"right\", \"bottom\"]}, \"finishes\": [\"04-AU-LSHAPE1200-SW\", \"04-AU-LSHAPE1200-MB\", \"04-AU-LSHAPE1200-SD\", \"04-AU-LSHAPE1200-AU79\"], \"dimensions\": {\"depth\": {\"max\": {\"inches\": \"47\\\" 1/4\", \"millimeters\": 1200}}, \"width\": {\"max\": {\"inches\": \"3\\\" 15/16\", \"millimeters\": 100}}}, \"partNumber\": \"04-AU-LSHAPE1200-AN\"}','images/module/autograph/04-AU-LSHAPE1200-xx/04-AU-LSHAPE1200-AN/04-AU-LSHAPE1200-AN.jpg',0,0,'modules/autograph/04-au-lshape1200-xx/04-au-lshape1200-an/module',0,0,NULL,0,NULL,NULL,NULL,0,0,'2021-12-20 13:47:31','2021-12-20 13:47:31',NULL),(128,'04-AU-LSHAPE1200-AU79',3,9,'{\"rules\": {\"rotation\": 90, \"trimmable\": [\"left\", \"right\", \"bottom\"]}, \"finishes\": [\"04-AU-LSHAPE1200-SW\", \"04-AU-LSHAPE1200-MB\", \"04-AU-LSHAPE1200-SD\", \"04-AU-LSHAPE1200-AN\"], \"dimensions\": {\"depth\": {\"max\": {\"inches\": \"47\\\" 1/4\", \"millimeters\": 1200}}, \"width\": {\"max\": {\"inches\": \"3\\\" 15/16\", \"millimeters\": 100}}}, \"partNumber\": \"04-AU-LSHAPE1200-AU79\"}','images/module/autograph/04-AU-LSHAPE1200-xx/04-AU-LSHAPE1200-AU79/04-AU-LSHAPE1200-AU79.jpg',0,0,'modules/autograph/04-au-lshape1200-xx/04-au-lshape1200-au79/module',0,0,NULL,0,NULL,NULL,NULL,0,0,'2021-12-20 13:47:31','2021-12-20 13:47:31',NULL),(129,'04-AU-LSHAPE1200-MB',3,6,'{\"rules\": {\"rotation\": 90, \"trimmable\": [\"left\", \"right\", \"bottom\"]}, \"finishes\": [\"04-AU-LSHAPE1200-SW\", \"04-AU-LSHAPE1200-SD\", \"04-AU-LSHAPE1200-AN\", \"04-AU-LSHAPE1200-AU79\"], \"dimensions\": {\"depth\": {\"max\": {\"inches\": \"47\\\" 1/4\", \"millimeters\": 1200}}, \"width\": {\"max\": {\"inches\": \"3\\\" 15/16\", \"millimeters\": 100}}}, \"partNumber\": \"04-AU-LSHAPE1200-MB\"}','images/module/autograph/04-AU-LSHAPE1200-xx/04-AU-LSHAPE1200-MB/04-AU-LSHAPE1200-MB.jpg',0,0,'modules/autograph/04-au-lshape1200-xx/04-au-lshape1200-mb/module',0,0,NULL,0,NULL,NULL,NULL,0,0,'2021-12-20 13:47:31','2021-12-20 13:47:31',NULL),(130,'04-AU-LSHAPE1200-SD',3,7,'{\"rules\": {\"rotation\": 90, \"trimmable\": [\"left\", \"right\", \"bottom\"]}, \"finishes\": [\"04-AU-LSHAPE1200-SW\", \"04-AU-LSHAPE1200-MB\", \"04-AU-LSHAPE1200-AN\", \"04-AU-LSHAPE1200-AU79\"], \"dimensions\": {\"depth\": {\"max\": {\"inches\": \"47\\\" 1/4\", \"millimeters\": 1200}}, \"width\": {\"max\": {\"inches\": \"3\\\" 15/16\", \"millimeters\": 100}}}, \"partNumber\": \"04-AU-LSHAPE1200-SD\"}','images/module/autograph/04-AU-LSHAPE1200-xx/04-AU-LSHAPE1200-SD/04-AU-LSHAPE1200-SD.jpg',0,0,'modules/autograph/04-au-lshape1200-xx/04-au-lshape1200-sd/module',0,0,NULL,0,NULL,NULL,NULL,0,0,'2021-12-20 13:47:31','2021-12-20 13:47:31',NULL),(131,'04-AU-LSHAPE1200-SW',3,3,'{\"rules\": {\"rotation\": 90, \"trimmable\": [\"left\", \"right\", \"bottom\"]}, \"finishes\": [\"04-AU-LSHAPE1200-MB\", \"04-AU-LSHAPE1200-SD\", \"04-AU-LSHAPE1200-AN\", \"04-AU-LSHAPE1200-AU79\"], \"dimensions\": {\"depth\": {\"max\": {\"inches\": \"47\\\" 1/4\", \"millimeters\": 1200}}, \"width\": {\"max\": {\"inches\": \"3\\\" 15/16\", \"millimeters\": 100}}}, \"partNumber\": \"04-AU-LSHAPE1200-SW\"}','images/module/autograph/04-AU-LSHAPE1200-xx/04-AU-LSHAPE1200-SW/04-AU-LSHAPE1200-SW.jpg',0,0,'modules/autograph/04-au-lshape1200-xx/04-au-lshape1200-sw/module',0,0,NULL,0,NULL,NULL,NULL,0,0,'2021-12-20 13:47:31','2021-12-20 13:47:31',NULL),(132,'04-AU-USHAPE-BIR-B',3,2,'{\"rules\": {\"options\": [\"04-AU-ACCENT-SW-141\", \"04-AU-ACCENT-MB-141\", \"04-AU-ACCENT-SD-141\", \"04-AU-ACCENT-AN-141\", \"04-AU-ACCENT-AU79-141\"], \"rotation\": 0, \"fullDepth\": true}, \"finishes\": [\"04-AU-USHAPE-WAL-B\"], \"dimensions\": {\"depth\": {\"max\": {\"inches\": \"23\\\" 3/16\", \"millimeters\": 589}, \"min\": {\"inches\": \"14\\\" 13/32\", \"millimeters\": 366}}, \"width\": {\"max\": {\"inches\": \"6\\\"\", \"millimeters\": 152.4}, \"min\": {\"inches\": \"6\\\"\", \"millimeters\": 152.4}}, \"height\": {\"inches\": \"2\\\" 5/32\", \"millimeters\": 55}}, \"partNumber\": \"04-AU-USHAPE-BIR-B\"}','images/module/autograph/04-AU-USHAPE-xxx-B/04-AU-USHAPE-BIR-B/04-AU-USHAPE-BIR-B.jpg',0,0,'modules/autograph/04-au-ushape-xxx-b/04-au-ushape-bir-b/module',0,0,NULL,0,NULL,NULL,NULL,0,0,'2021-12-20 13:47:31','2021-12-20 13:47:31',NULL),(133,'04-AU-USHAPE-WAL-B',3,1,'{\"rules\": {\"options\": [\"04-AU-ACCENT-SW-141\", \"04-AU-ACCENT-MB-141\", \"04-AU-ACCENT-SD-141\", \"04-AU-ACCENT-AN-141\", \"04-AU-ACCENT-AU79-141\"], \"rotation\": 0, \"fullDepth\": true}, \"finishes\": [\"04-AU-USHAPE-BIR-B\"], \"dimensions\": {\"depth\": {\"max\": {\"inches\": \"23\\\" 3/16\", \"millimeters\": 589}, \"min\": {\"inches\": \"14\\\" 13/32\", \"millimeters\": 366}}, \"width\": {\"max\": {\"inches\": \"6\\\"\", \"millimeters\": 152.4}, \"min\": {\"inches\": \"6\\\"\", \"millimeters\": 152.4}}, \"height\": {\"inches\": \"2\\\" 5/32\", \"millimeters\": 55}}, \"partNumber\": \"04-AU-USHAPE-WAL-B\"}','images/module/autograph/04-AU-USHAPE-xxx-B/04-AU-USHAPE-WAL-B/04-AU-USHAPE-WAL-B.jpg',0,0,'modules/autograph/04-au-ushape-xxx-b/04-au-ushape-wal-b/module',0,0,NULL,0,NULL,NULL,NULL,0,0,'2021-12-20 13:47:31','2021-12-20 13:47:31',NULL),(134,'04-AU-BIR-CD-B',3,2,'{\"rules\": {\"options\": [\"04-AU-ACCENT-SW-69\", \"04-AU-ACCENT-MB-69\", \"04-AU-ACCENT-SD-69\", \"04-AU-ACCENT-AN-69\", \"04-AU-ACCENT-AU79-69\"], \"rotation\": 0, \"fullDepth\": true}, \"finishes\": [\"04-AU-WAL-CD-B\"], \"dimensions\": {\"depth\": {\"max\": {\"inches\": \"23\\\" 3/16\", \"millimeters\": 589}, \"min\": {\"inches\": \"14\\\" 13/32\", \"millimeters\": 366}}, \"width\": {\"max\": {\"inches\": \"6\\\"\", \"millimeters\": 152.4}, \"min\": {\"inches\": \"6\\\"\", \"millimeters\": 152.4}}, \"height\": {\"inches\": \"1\\\" 27/32\", \"millimeters\": 47}}, \"partNumber\": \"04-AU-BIR-CD-B\"}','images/module/autograph/04-AU-xxx-CD-B/04-AU-BIR-CD-B/04-AU-BIR-CD-B.jpg',0,0,'modules/autograph/04-au-xxx-cd-b/04-au-bir-cd-b/module',0,0,NULL,0,NULL,NULL,NULL,0,0,'2021-12-20 13:47:31','2021-12-20 13:47:31',NULL),(135,'04-AU-WAL-CD-B',3,1,'{\"rules\": {\"options\": [\"04-AU-ACCENT-AN-69\", \"04-AU-ACCENT-AU79-69\", \"04-AU-ACCENT-MB-69\", \"04-AU-ACCENT-SD-69\", \"04-AU-ACCENT-SW-69\"], \"rotation\": 0, \"fullDepth\": true}, \"finishes\": [\"04-AU-BIR-CD-B\"], \"dimensions\": {\"depth\": {\"max\": {\"inches\": \"23\\\" 3/16\", \"millimeters\": 589}, \"min\": {\"inches\": \"14\\\" 13/32\", \"millimeters\": 366}}, \"width\": {\"max\": {\"inches\": \"6\\\"\", \"millimeters\": 152.4}, \"min\": {\"inches\": \"6\\\"\", \"millimeters\": 152.4}}, \"height\": {\"inches\": \"1\\\" 27/32\", \"millimeters\": 47}}, \"extensions\": {\"left\": \"\", \"right\": \"\"}, \"partNumber\": \"04-AU-WAL-CD-B\"}','images/module/autograph/04-AU-xxx-CD-B/04-AU-WAL-CD-B/04-AU-WAL-CD-B.jpg',0,0,'modules/autograph/04-au-xxx-cd-b/04-au-wal-cd-b/module',0,0,NULL,0,NULL,NULL,NULL,1,0,'2021-12-20 13:47:31','2021-12-20 13:47:31',NULL),(136,'04-AU-BIR-CD-B.b',3,2,'{\"rules\": {\"options\": [\"04-AU-ACCENT-SW-69\", \"04-AU-ACCENT-MB-69\", \"04-AU-ACCENT-SD-69\", \"04-AU-ACCENT-AN-69\", \"04-AU-ACCENT-AU79-69\"], \"rotation\": 0, \"fullDepth\": true}, \"finishes\": [\"04-AU-WAL-CD-B\"], \"dimensions\": {\"depth\": {\"max\": {\"inches\": \"23\\\" 3/16\", \"millimeters\": 589}, \"min\": {\"inches\": \"14\\\" 13/32\", \"millimeters\": 366}}, \"width\": {\"max\": {\"inches\": \"6\\\"\", \"millimeters\": 152.4}, \"min\": {\"inches\": \"6\\\"\", \"millimeters\": 152.4}}, \"height\": {\"inches\": \"1\\\" 27/32\", \"millimeters\": 47}}, \"partNumber\": \"04-AU-BIR-CD-B\"}','images/module/autograph/04-AU-xxx-CD-B.b/04-AU-BIR-CD-B.b/04-AU-BIR-CD-B.jpg',1,0,'modules/autograph/04-au-xxx-cd-b-b/04-au-bir-cd-b-b/module',0,0,NULL,0,NULL,NULL,NULL,1,0,'2021-12-20 13:47:31','2021-12-20 13:47:31',NULL),(137,'04-AU-WAL-CD-B.b',3,1,'{\"rules\": {\"options\": [\"04-AU-ACCENT-SW-69\", \"04-AU-ACCENT-MB-69\", \"04-AU-ACCENT-SD-69\", \"04-AU-ACCENT-AN-69\", \"04-AU-ACCENT-AU79-69\"], \"rotation\": 0, \"fullDepth\": true}, \"finishes\": [\"04-AU-BIR-CD-B\"], \"dimensions\": {\"depth\": {\"max\": {\"inches\": \"23\\\" 3/16\", \"millimeters\": 589}, \"min\": {\"inches\": \"14\\\" 13/32\", \"millimeters\": 366}}, \"width\": {\"max\": {\"inches\": \"6\\\"\", \"millimeters\": 152.4}, \"min\": {\"inches\": \"6\\\"\", \"millimeters\": 152.4}}, \"height\": {\"inches\": \"1\\\" 27/32\", \"millimeters\": 47}}, \"partNumber\": \"04-AU-WAL-CD-B\"}','images/module/autograph/04-AU-xxx-CD-B.b/04-AU-WAL-CD-B.b/04-AU-WAL-CD-B.jpg',1,0,'modules/autograph/04-au-xxx-cd-b-b/04-au-wal-cd-b-b/module',0,0,NULL,0,NULL,NULL,NULL,1,0,'2021-12-20 13:47:31','2021-12-20 13:47:31',NULL),(138,'04-AU-BIR-CT4-D',3,2,'{\"rules\": {\"options\": [\"04-AU-ACCENT-SW-95\", \"04-AU-ACCENT-MB-95\", \"04-AU-ACCENT-SD-95\", \"04-AU-ACCENT-AN-95\", \"04-AU-ACCENT-AU79-95\"], \"rotation\": 0, \"trimmable\": [\"top\"]}, \"finishes\": [\"04-AU-WAL-CT4-D\"], \"dimensions\": {\"depth\": {\"max\": {\"inches\": \"23\\\" 3/16\", \"millimeters\": 589}, \"min\": {\"inches\": \"14\\\" 13/32\", \"millimeters\": 366}}, \"width\": {\"max\": {\"inches\": \"12\\\"\", \"millimeters\": 304.8}, \"min\": {\"inches\": \"12\\\"\", \"millimeters\": 304.8}}, \"height\": {\"inches\": \"2\\\" 5/32\", \"millimeters\": 55}}, \"partNumber\": \"04-AU-BIR-CT4-D\"}','images/module/autograph/04-AU-xxx-CT4-D/04-AU-BIR-CT4-D/04-AU-BIR-CT4-D.jpg',0,0,'modules/autograph/04-au-xxx-ct4-d/04-au-bir-ct4-d/module',0,0,NULL,0,NULL,NULL,NULL,0,0,'2021-12-20 13:47:31','2021-12-20 13:47:31',NULL),(139,'04-AU-WAL-CT4-D',3,1,'{\"rules\": {\"options\": [\"04-AU-ACCENT-SW-95\", \"04-AU-ACCENT-MB-95\", \"04-AU-ACCENT-SD-95\", \"04-AU-ACCENT-AN-95\", \"04-AU-ACCENT-AU79-95\"], \"rotation\": 0, \"trimmable\": [\"top\"]}, \"finishes\": [\"04-AU-BIR-CT4-D\"], \"dimensions\": {\"depth\": {\"max\": {\"inches\": \"23\\\" 3/16\", \"millimeters\": 589}, \"min\": {\"inches\": \"14\\\" 13/32\", \"millimeters\": 366}}, \"width\": {\"max\": {\"inches\": \"12\\\"\", \"millimeters\": 304.8}, \"min\": {\"inches\": \"12\\\"\", \"millimeters\": 304.8}}, \"height\": {\"inches\": \"2\\\" 5/32\", \"millimeters\": 55}}, \"partNumber\": \"04-AU-WAL-CT4-D\"}','images/module/autograph/04-AU-xxx-CT4-D/04-AU-WAL-CT4-D/04-AU-WAL-CT4-D.jpg',0,0,'modules/autograph/04-au-xxx-ct4-d/04-au-wal-ct4-d/module',0,0,NULL,0,NULL,NULL,NULL,0,0,'2021-12-20 13:47:31','2021-12-20 13:47:31',NULL),(140,'04-AU-BIR-CT5-D',3,2,'{\"rules\": {\"options\": [\"04-AU-ACCENT-SW-95\", \"04-AU-ACCENT-MB-95\", \"04-AU-ACCENT-SD-95\", \"04-AU-ACCENT-AN-95\", \"04-AU-ACCENT-AU79-95\", \"04-AU-ACCENT-SW-69\", \"04-AU-ACCENT-MB-69\", \"04-AU-ACCENT-SD-69\", \"04-AU-ACCENT-AN-69\", \"04-AU-ACCENT-AU79-69\"], \"rotation\": 0, \"trimmable\": [\"top\"]}, \"finishes\": [\"04-AU-WAL-CT5-D\"], \"dimensions\": {\"depth\": {\"max\": {\"inches\": \"23\\\" 3/16\", \"millimeters\": 589}, \"min\": {\"inches\": \"14\\\" 13/32\", \"millimeters\": 366}}, \"width\": {\"max\": {\"inches\": \"12\\\"\", \"millimeters\": 304.8}, \"min\": {\"inches\": \"12\\\"\", \"millimeters\": 304.8}}, \"height\": {\"inches\": \"2\\\" 5/32\", \"millimeters\": 55}}, \"partNumber\": \"04-AU-BIR-CT5-D\"}','images/module/autograph/04-AU-xxx-CT5-D/04-AU-BIR-CT5-D/04-AU-BIR-CT5-D.jpg',0,0,'modules/autograph/04-au-xxx-ct5-d/04-au-bir-ct5-d/module',0,0,NULL,0,NULL,NULL,NULL,0,0,'2021-12-20 13:47:31','2021-12-20 13:47:31',NULL),(141,'04-AU-WAL-CT5-D',3,1,'{\"rules\": {\"options\": [\"04-AU-ACCENT-SW-95\", \"04-AU-ACCENT-MB-95\", \"04-AU-ACCENT-SD-95\", \"04-AU-ACCENT-AN-95\", \"04-AU-ACCENT-AU79-95\", \"04-AU-ACCENT-SW-69\", \"04-AU-ACCENT-MB-69\", \"04-AU-ACCENT-SD-69\", \"04-AU-ACCENT-AN-69\", \"04-AU-ACCENT-AU79-69\"], \"rotation\": 0, \"trimmable\": [\"top\"]}, \"finishes\": [\"04-AU-BIR-CT5-D\"], \"dimensions\": {\"depth\": {\"max\": {\"inches\": \"23\\\" 3/16\", \"millimeters\": 589}, \"min\": {\"inches\": \"14\\\" 13/32\", \"millimeters\": 366}}, \"width\": {\"max\": {\"inches\": \"12\\\"\", \"millimeters\": 304.8}, \"min\": {\"inches\": \"12\\\"\", \"millimeters\": 304.8}}, \"height\": {\"inches\": \"2\\\" 5/32\", \"millimeters\": 55}}, \"partNumber\": \"04-AU-WAL-CT5-D\"}','images/module/autograph/04-AU-xxx-CT5-D/04-AU-WAL-CT5-D/04-AU-WAL-CT5-D.jpg',0,0,'modules/autograph/04-au-xxx-ct5-d/04-au-wal-ct5-d/module',0,0,NULL,0,NULL,NULL,NULL,0,0,'2021-12-20 13:47:31','2021-12-20 13:47:31',NULL),(142,'04-AU-BIR-DIVIDER-H55',3,2,'{\"rules\": {\"rotation\": 0, \"fullDepth\": true}, \"finishes\": [\"04-AU-WAL-DIVIDER-H55\"], \"dimensions\": {\"depth\": {\"max\": {\"inches\": \"23\\\" 3/16\", \"millimeters\": 589}}, \"height\": {\"inches\": \"2\\\" 5/32\", \"millimeters\": 55}}, \"partNumber\": \"04-AU-BIR-DIVIDER-H55\"}','images/module/autograph/04-AU-xxx-DIVIDER-H55/04-AU-BIR-DIVIDER-H55/04-AU-BIR-DIVIDER-H55.jpg',0,0,'modules/autograph/04-au-xxx-divider-h55/04-au-bir-divider-h55/module',0,0,NULL,0,NULL,NULL,NULL,0,0,'2021-12-20 13:47:31','2021-12-20 13:47:31',NULL),(143,'04-AU-WAL-DIVIDER-H55',3,1,'{\"rules\": {\"rotation\": 0, \"fullDepth\": true}, \"finishes\": [\"04-AU-BIR-DIVIDER-H55\"], \"dimensions\": {\"depth\": {\"max\": {\"inches\": \"23\\\" 3/16\", \"millimeters\": 589}}, \"height\": {\"inches\": \"2\\\" 5/32\", \"millimeters\": 55}}, \"partNumber\": \"04-AU-WAL-DIVIDER-H55\"}','images/module/autograph/04-AU-xxx-DIVIDER-H55/04-AU-WAL-DIVIDER-H55/04-AU-WAL-DIVIDER-H55.jpg',0,0,'modules/autograph/04-au-xxx-divider-h55/04-au-wal-divider-h55/module',0,0,NULL,0,NULL,NULL,NULL,0,0,'2021-12-20 13:47:31','2021-12-20 13:47:31',NULL),(144,'04-AU-BIR-FLUTTED-B',3,2,'{\"rules\": {\"rotation\": 0, \"fullDepth\": true}, \"finishes\": [\"04-AU-WAL-FLUTTED-B\"], \"dimensions\": {\"depth\": {\"max\": {\"inches\": \"23\\\" 3/16\", \"millimeters\": 589}, \"min\": {\"inches\": \"14\\\" 13/32\", \"millimeters\": 366}}, \"width\": {\"max\": {\"inches\": \"6\\\"\", \"millimeters\": 152.4}, \"min\": {\"inches\": \"5\\\" 7/16\", \"millimeters\": 138.5}}, \"height\": {\"inches\": \"0\\\" 15/32\", \"millimeters\": 12}}, \"partNumber\": \"04-AU-BIR-FLUTTED-B\"}','images/module/autograph/04-AU-xxx-FLUTTED-B/04-AU-BIR-FLUTTED-B/04-AU-BIR-FLUTTED-B.jpg',0,0,'modules/autograph/04-au-xxx-flutted-b/04-au-bir-flutted-b/module',0,0,NULL,0,NULL,NULL,NULL,0,0,'2021-12-20 13:47:31','2021-12-20 13:47:31',NULL),(145,'04-AU-WAL-FLUTTED-B',3,1,'{\"rules\": {\"rotation\": 0, \"fullDepth\": true}, \"finishes\": [\"04-AU-BIR-FLUTTED-B\"], \"dimensions\": {\"depth\": {\"max\": {\"inches\": \"23\\\" 3/16\", \"millimeters\": 589}, \"min\": {\"inches\": \"14\\\" 13/32\", \"millimeters\": 366}}, \"width\": {\"max\": {\"inches\": \"6\\\"\", \"millimeters\": 152.4}, \"min\": {\"inches\": \"5\\\" 7/16\", \"millimeters\": 138.5}}, \"height\": {\"inches\": \"0\\\" 15/32\", \"millimeters\": 12}}, \"partNumber\": \"04-AU-WAL-FLUTTED-B\"}','images/module/autograph/04-AU-xxx-FLUTTED-B/04-AU-WAL-FLUTTED-B/04-AU-WAL-FLUTTED-B.jpg',0,0,'modules/autograph/04-au-xxx-flutted-b/04-au-wal-flutted-b/module',0,0,NULL,0,NULL,NULL,NULL,1,0,'2021-12-20 13:47:31','2021-12-20 13:47:31',NULL),(146,'04-AU-BIR-FLUTTED-B.b',3,2,'{\"rules\": {\"rotation\": 0, \"fullDepth\": true}, \"finishes\": [\"04-AU-WAL-FLUTTED-B\"], \"dimensions\": {\"depth\": {\"max\": {\"inches\": \"23\\\" 3/16\", \"millimeters\": 589}, \"min\": {\"inches\": \"14\\\" 13/32\", \"millimeters\": 366}}, \"width\": {\"max\": {\"inches\": \"6\\\"\", \"millimeters\": 152.4}, \"min\": {\"inches\": \"5\\\" 7/16\", \"millimeters\": 138.5}}, \"height\": {\"inches\": \"0\\\" 15/32\", \"millimeters\": 12}}, \"partNumber\": \"04-AU-BIR-FLUTTED-B\"}','images/module/autograph/04-AU-xxx-FLUTTED-B.b/04-AU-BIR-FLUTTED-B.b/04-AU-BIR-FLUTTED-B.jpg',1,0,'modules/autograph/04-au-xxx-flutted-b-b/04-au-bir-flutted-b-b/module',0,0,NULL,0,NULL,NULL,NULL,1,0,'2021-12-20 13:47:31','2021-12-20 13:47:31',NULL),(147,'04-AU-WAL-FLUTTED-B.b',3,1,'{\"rules\": {\"rotation\": 0, \"fullDepth\": true}, \"finishes\": [\"04-AU-BIR-FLUTTED-B\"], \"dimensions\": {\"depth\": {\"max\": {\"inches\": \"23\\\" 3/16\", \"millimeters\": 589}, \"min\": {\"inches\": \"14\\\" 13/32\", \"millimeters\": 366}}, \"width\": {\"max\": {\"inches\": \"6\\\"\", \"millimeters\": 152.4}, \"min\": {\"inches\": \"5\\\" 7/16\", \"millimeters\": 138.5}}, \"height\": {\"inches\": \"0\\\" 15/32\", \"millimeters\": 12}}, \"partNumber\": \"04-AU-WAL-FLUTTED-B\"}','images/module/autograph/04-AU-xxx-FLUTTED-B.b/04-AU-WAL-FLUTTED-B.b/04-AU-WAL-FLUTTED-B.jpg',1,0,'modules/autograph/04-au-xxx-flutted-b-b/04-au-wal-flutted-b-b/module',0,0,NULL,0,NULL,NULL,NULL,1,0,'2021-12-20 13:47:31','2021-12-20 13:47:31',NULL),(148,'04-AU-BIR-KH-B',3,2,'{\"rules\": {\"rotation\": 0, \"fullDepth\": true, \"trimmable\": [\"bottom\"]}, \"finishes\": [\"04-AU-WAL-KH-B\"], \"dimensions\": {\"depth\": {\"max\": {\"inches\": \"23\\\" 3/16\", \"millimeters\": 589}, \"min\": {\"inches\": \"15\\\" 15/16\", \"millimeters\": 405}}, \"width\": {\"max\": {\"inches\": \"6\\\"\", \"millimeters\": 152.4}, \"min\": {\"inches\": \"6\\\"\", \"millimeters\": 152.4}}, \"height\": {\"inches\": \"1\\\" 17/32\", \"millimeters\": 39}}, \"partNumber\": \"04-AU-BIR-KH-B\"}','images/module/autograph/04-AU-xxx-KH-B/04-AU-BIR-KH-B/04-AU-BIR-KH-B.jpg',0,0,'modules/autograph/04-au-xxx-kh-b/04-au-bir-kh-b/module',0,0,NULL,0,NULL,NULL,NULL,0,0,'2021-12-20 13:47:31','2021-12-20 13:47:31',NULL),(149,'04-AU-WAL-KH-B',3,1,'{\"rules\": {\"rotation\": 0, \"fullDepth\": true, \"trimmable\": [\"bottom\"]}, \"finishes\": [\"04-AU-BIR-KH-B\"], \"dimensions\": {\"depth\": {\"max\": {\"inches\": \"23\\\" 3/16\", \"millimeters\": 589}, \"min\": {\"inches\": \"15\\\" 15/16\", \"millimeters\": 405}}, \"width\": {\"max\": {\"inches\": \"6\\\"\", \"millimeters\": 152.4}, \"min\": {\"inches\": \"6\\\"\", \"millimeters\": 152.4}}, \"height\": {\"inches\": \"1\\\" 17/32\", \"millimeters\": 39}}, \"partNumber\": \"04-AU-WAL-KH-B\"}','images/module/autograph/04-AU-xxx-KH-B/04-AU-WAL-KH-B/04-AU-WAL-KH-B.jpg',0,0,'modules/autograph/04-au-xxx-kh-b/04-au-wal-kh-b/module',0,0,NULL,0,NULL,NULL,NULL,1,0,'2021-12-20 13:47:31','2021-12-20 13:47:31',NULL),(150,'04-AU-BIR-KH-B.b',3,2,'{\"rules\": {\"rotation\": 0, \"fullDepth\": true, \"trimmable\": [\"bottom\"]}, \"finishes\": [\"04-AU-WAL-KH-B\"], \"dimensions\": {\"depth\": {\"max\": {\"inches\": \"23\\\" 3/16\", \"millimeters\": 589}, \"min\": {\"inches\": \"15\\\" 15/16\", \"millimeters\": 405}}, \"width\": {\"max\": {\"inches\": \"6\\\"\", \"millimeters\": 152.4}, \"min\": {\"inches\": \"6\\\"\", \"millimeters\": 152.4}}, \"height\": {\"inches\": \"1\\\" 17/32\", \"millimeters\": 39}}, \"partNumber\": \"04-AU-BIR-KH-B\"}','images/module/autograph/04-AU-xxx-KH-B.b/04-AU-BIR-KH-B.b/04-AU-BIR-KH-B.jpg',1,0,'modules/autograph/04-au-xxx-kh-b-b/04-au-bir-kh-b-b/module',0,0,NULL,0,NULL,NULL,NULL,1,0,'2021-12-20 13:47:31','2021-12-20 13:47:31',NULL),(151,'04-AU-WAL-KH-B.b',3,1,'{\"rules\": {\"rotation\": 0, \"fullDepth\": true, \"trimmable\": [\"bottom\"]}, \"finishes\": [\"04-AU-BIR-KH-B\"], \"dimensions\": {\"depth\": {\"max\": {\"inches\": \"23\\\" 3/16\", \"millimeters\": 589}, \"min\": {\"inches\": \"15\\\" 15/16\", \"millimeters\": 405}}, \"width\": {\"max\": {\"inches\": \"6\\\"\", \"millimeters\": 152.4}, \"min\": {\"inches\": \"6\\\"\", \"millimeters\": 152.4}}, \"height\": {\"inches\": \"1\\\" 17/32\", \"millimeters\": 39}}, \"partNumber\": \"04-AU-WAL-KH-B\"}','images/module/autograph/04-AU-xxx-KH-B.b/04-AU-WAL-KH-B.b/04-AU-WAL-KH-B.jpg',1,0,'modules/autograph/04-au-xxx-kh-b-b/04-au-wal-kh-b-b/module',0,0,NULL,0,NULL,NULL,NULL,1,0,'2021-12-20 13:47:31','2021-12-20 13:47:31',NULL),(152,'04-AU-BIR-PARTN240-H125',3,2,'{\"rules\": {\"rotation\": 90}, \"finishes\": [\"04-AU-WAL-PARTN240-H125\"], \"dimensions\": {\"depth\": {\"max\": {\"inches\": \"9\\\" 7/16\", \"millimeters\": 240}, \"min\": {\"inches\": \"9\\\" 7/16\", \"millimeters\": 240}}, \"width\": {\"max\": {\"inches\": \"10\", \"millimeters\": 254}, \"min\": {\"inches\": \"4\\\" 29/32\", \"millimeters\": 125}}, \"height\": {\"inches\": \"4\\\" 29/32\", \"millimeters\": 125}}, \"partNumber\": \"04-AU-BIR-PARTN240-H125\"}','images/module/autograph/04-AU-xxx-PARTN240-H125/04-AU-BIR-PARTN240-H125/04-AU-BIR-PARTN240-H125.jpg',1,0,'modules/autograph/04-au-xxx-partn240-h125/04-au-bir-partn240-h125/module',0,0,NULL,0,NULL,NULL,NULL,0,0,'2021-12-20 13:47:31','2021-12-20 13:47:31',NULL),(153,'04-AU-WAL-PARTN240-H125',3,1,'{\"rules\": {\"rotation\": 90}, \"finishes\": [\"04-AU-BIR-PARTN240-H125\"], \"dimensions\": {\"depth\": {\"max\": {\"inches\": \"9\\\" 7/16\", \"millimeters\": 240}, \"min\": {\"inches\": \"9\\\" 7/16\", \"millimeters\": 240}}, \"width\": {\"max\": {\"inches\": \"10\", \"millimeters\": 254}, \"min\": {\"inches\": \"10\", \"millimeters\": 254}}, \"height\": {\"inches\": \"4\\\" 29/32\", \"millimeters\": 125}}, \"partNumber\": \"04-AU-WAL-PARTN240-H125\"}','images/module/autograph/04-AU-xxx-PARTN240-H125/04-AU-WAL-PARTN240-H125/04-AU-WAL-PARTN240-H125.jpg',1,0,'modules/autograph/04-au-xxx-partn240-h125/04-au-wal-partn240-h125/module',0,0,NULL,0,NULL,NULL,NULL,0,0,'2021-12-20 13:47:31','2021-12-20 13:47:31',NULL),(154,'04-AU-BIR-PARTN448-H125',3,2,'{\"rules\": {\"rotation\": 90}, \"finishes\": [\"04-AU-WAL-PARTN448-H125\"], \"dimensions\": {\"depth\": {\"max\": {\"inches\": \"17\\\" 5/8\", \"millimeters\": 448}, \"min\": {\"inches\": \"17\\\" 5/8\", \"millimeters\": 448}}, \"width\": {\"max\": {\"inches\": \"10\", \"millimeters\": 254}, \"min\": {\"inches\": \"10\", \"millimeters\": 254}}, \"height\": {\"inches\": \"4\\\" 29/32\", \"millimeters\": 125}}, \"partNumber\": \"04-AU-BIR-PARTN448-H125\"}','images/module/autograph/04-AU-xxx-PARTN448-H125/04-AU-BIR-PARTN448-H125/04-AU-BIR-PARTN448-H125.jpg',1,0,'modules/autograph/04-au-xxx-partn448-h125/04-au-bir-partn448-h125/module',0,0,NULL,0,NULL,NULL,NULL,0,0,'2021-12-20 13:47:31','2021-12-20 13:47:31',NULL),(155,'04-AU-WAL-PARTN448-H125',3,1,'{\"rules\": {\"rotation\": 90}, \"finishes\": [\"04-AU-BIR-PARTN448-H125\"], \"dimensions\": {\"depth\": {\"max\": {\"inches\": \"17\\\" 5/8\", \"millimeters\": 448}, \"min\": {\"inches\": \"17\\\" 5/8\", \"millimeters\": 448}}, \"width\": {\"max\": {\"inches\": \"10\", \"millimeters\": 254}, \"min\": {\"inches\": \"10\", \"millimeters\": 254}}, \"height\": {\"inches\": \"4\\\" 29/32\", \"millimeters\": 125}}, \"partNumber\": \"04-AU-WAL-PARTN448-H125\"}','images/module/autograph/04-AU-xxx-PARTN448-H125/04-AU-WAL-PARTN448-H125/04-AU-WAL-PARTN448-H125.jpg',1,0,'modules/autograph/04-au-xxx-partn448-h125/04-au-wal-partn448-h125/module',0,0,NULL,0,NULL,NULL,NULL,0,0,'2021-12-20 13:47:31','2021-12-20 13:47:31',NULL),(156,'04-AU-BIR-SLOTTED-B',3,2,'{\"rules\": {\"options\": [\"04-AU-DIVIDER-SW\", \"04-AU-DIVIDER-MB\", \"04-AU-DIVIDER-SD\", \"04-AU-DIVIDER-AN\", \"04-AU-DIVIDER-AU79\"], \"rotation\": 0, \"fullDepth\": true}, \"finishes\": [\"04-AU-WAL-SLOTTED-B\"], \"dimensions\": {\"depth\": {\"max\": {\"inches\": \"23\\\" 3/16\", \"millimeters\": 589}, \"min\": {\"inches\": \"14\\\" 13/32\", \"millimeters\": 366}}, \"width\": {\"max\": {\"inches\": \"6\\\"\", \"millimeters\": 152.4}, \"min\": {\"inches\": \"5\\\" 7/16\", \"millimeters\": 138.5}}, \"height\": {\"inches\": \"0\\\" 15/32\", \"millimeters\": 12}}, \"partNumber\": \"04-AU-BIR-SLOTTED-B\"}','images/module/autograph/04-AU-xxx-SLOTTED-B/04-AU-BIR-SLOTTED-B/04-AU-BIR-SLOTTED-B.jpg',0,0,'modules/autograph/04-au-xxx-slotted-b/04-au-bir-slotted-b/module',0,0,NULL,0,NULL,NULL,NULL,0,0,'2021-12-20 13:47:31','2021-12-20 13:47:31',NULL),(157,'04-AU-WAL-SLOTTED-B',3,1,'{\"rules\": {\"options\": [\"04-AU-DIVIDER-SW\", \"04-AU-DIVIDER-MB\", \"04-AU-DIVIDER-SD\", \"04-AU-DIVIDER-AN\", \"04-AU-DIVIDER-AU79\"], \"rotation\": 0, \"fullDepth\": true}, \"finishes\": [\"04-AU-BIR-SLOTTED-B\"], \"dimensions\": {\"depth\": {\"max\": {\"inches\": \"23\\\" 3/16\", \"millimeters\": 589}, \"min\": {\"inches\": \"14\\\" 13/32\", \"millimeters\": 366}}, \"width\": {\"max\": {\"inches\": \"6\\\"\", \"millimeters\": 152.4}, \"min\": {\"inches\": \"5\\\" 7/16\", \"millimeters\": 138.5}}, \"height\": {\"inches\": \"0\\\" 15/32\", \"millimeters\": 12}}, \"partNumber\": \"04-AU-WAL-SLOTTED-B\"}','images/module/autograph/04-AU-xxx-SLOTTED-B/04-AU-WAL-SLOTTED-B/04-AU-WAL-SLOTTED-B.jpg',0,0,'modules/autograph/04-au-xxx-slotted-b/04-au-wal-slotted-b/module',0,0,NULL,0,NULL,NULL,NULL,1,0,'2021-12-20 13:47:31','2021-12-20 13:47:31',NULL),(158,'04-AU-BIR-SLOTTED-B.b',3,2,'{\"rules\": {\"options\": [\"04-AU-DIVIDER-SW\", \"04-AU-DIVIDER-MB\", \"04-AU-DIVIDER-SD\", \"04-AU-DIVIDER-AN\", \"04-AU-DIVIDER-AU79\"], \"rotation\": 0, \"fullDepth\": true}, \"finishes\": [\"04-AU-WAL-SLOTTED-B\"], \"dimensions\": {\"depth\": {\"max\": {\"inches\": \"23\\\" 3/16\", \"millimeters\": 589}, \"min\": {\"inches\": \"14\\\" 13/32\", \"millimeters\": 366}}, \"width\": {\"max\": {\"inches\": \"6\\\"\", \"millimeters\": 152.4}, \"min\": {\"inches\": \"5\\\" 7/16\", \"millimeters\": 138.5}}, \"height\": {\"inches\": \"0\\\" 15/32\", \"millimeters\": 12}}, \"partNumber\": \"04-AU-BIR-SLOTTED-B\"}','images/module/autograph/04-AU-xxx-SLOTTED-B.b/04-AU-BIR-SLOTTED-B.b/04-AU-BIR-SLOTTED-B.jpg',1,0,'modules/autograph/04-au-xxx-slotted-b-b/04-au-bir-slotted-b-b/module',0,0,NULL,0,NULL,NULL,NULL,1,0,'2021-12-20 13:47:31','2021-12-20 13:47:31',NULL),(159,'04-AU-WAL-SLOTTED-B.b',3,1,'{\"rules\": {\"options\": [\"04-AU-DIVIDER-SW\", \"04-AU-DIVIDER-MB\", \"04-AU-DIVIDER-SD\", \"04-AU-DIVIDER-AN\", \"04-AU-DIVIDER-AU79\"], \"rotation\": 0, \"fullDepth\": true}, \"finishes\": [\"04-AU-BIR-SLOTTED-B\"], \"dimensions\": {\"depth\": {\"max\": {\"inches\": \"23\\\" 3/16\", \"millimeters\": 589}, \"min\": {\"inches\": \"14\\\" 13/32\", \"millimeters\": 366}}, \"width\": {\"max\": {\"inches\": \"6\\\"\", \"millimeters\": 152.4}, \"min\": {\"inches\": \"5\\\" 7/16\", \"millimeters\": 138.5}}, \"height\": {\"inches\": \"0\\\" 15/32\", \"millimeters\": 12}}, \"partNumber\": \"04-AU-WAL-SLOTTED-B\"}','images/module/autograph/04-AU-xxx-SLOTTED-B.b/04-AU-WAL-SLOTTED-B.b/04-AU-WAL-SLOTTED-B.jpg',1,0,'modules/autograph/04-au-xxx-slotted-b-b/04-au-wal-slotted-b-b/module',0,0,NULL,0,NULL,NULL,NULL,1,0,'2021-12-20 13:47:31','2021-12-20 13:47:31',NULL),(160,'04-AU-BIR-SPICERACK-B',3,2,'{\"rules\": {\"queue\": {\"append\": \"BIR-spice rack 53mm spacer Size A\", \"modules\": [\"BIR-spice rack 35mm spacer Size A\", \"BIR-Spice rack Size A\"]}, \"rotation\": 0, \"fullDepth\": true}, \"finishes\": [\"04-AU-WAL-SPICERACK-B\"], \"dimensions\": {\"depth\": {\"max\": {\"inches\": \"23\\\" 3/16\", \"millimeters\": 589}, \"min\": {\"inches\": \"14\\\" 13/32\", \"millimeters\": 366}}, \"width\": {\"max\": {\"inches\": \"6\\\"\", \"millimeters\": 152.4}, \"min\": {\"inches\": \"6\\\"\", \"millimeters\": 152.4}}, \"height\": {\"inches\": \"1\\\" 3/32\", \"millimeters\": 28}}, \"partNumber\": \"04-AU-BIR-SPICERACK-B\"}','images/module/autograph/04-AU-xxx-SPICERACK-B/04-AU-BIR-SPICERACK-B/04-AU-BIR-SPICERACK-B.jpg',0,0,'modules/autograph/04-au-xxx-spicerack-b/04-au-bir-spicerack-b/module',0,0,NULL,0,NULL,NULL,176,0,0,'2021-12-20 13:47:31','2021-12-20 13:47:31',NULL),(161,'04-AU-WAL-SPICERACK-B',3,1,'{\"rules\": {\"queue\": {\"append\": \"WAL-spice rack 53mm spacer Size A\", \"modules\": [\"WAL-spice rack 35mm spacer Size A\", \"WAL-Spice rack Size A\"]}, \"rotation\": 0, \"fullDepth\": true}, \"finishes\": [\"04-AU-BIR-SPICERACK-B\"], \"dimensions\": {\"depth\": {\"max\": {\"inches\": \"23\\\" 3/16\", \"millimeters\": 589}, \"min\": {\"inches\": \"14\\\" 13/32\", \"millimeters\": 366}}, \"width\": {\"max\": {\"inches\": \"6\\\"\", \"millimeters\": 152.4}, \"min\": {\"inches\": \"6\\\"\", \"millimeters\": 152.4}}, \"height\": {\"inches\": \"1\\\" 3/32\", \"millimeters\": 28}}, \"partNumber\": \"04-AU-WAL-SPICERACK-B\"}','images/module/autograph/04-AU-xxx-SPICERACK-B/04-AU-WAL-SPICERACK-B/04-AU-WAL-SPICERACK-B.jpg',0,0,'modules/autograph/04-au-xxx-spicerack-b/04-au-wal-spicerack-b/module',0,0,NULL,0,NULL,NULL,177,0,0,'2021-12-20 13:47:31','2021-12-20 13:47:31',NULL),(162,'04-AU-BIR-T9494H36',3,2,'{\"rules\": {\"rotation\": 90}, \"finishes\": [\"04-AU-WAL-T9494H36\"], \"dimensions\": {\"depth\": {\"max\": {\"inches\": \"3\\\" 11/16\", \"millimeters\": 94}}, \"width\": {\"min\": {\"inches\": \"3\\\" 11/16\", \"millimeters\": 94}}, \"height\": {\"inches\": \"1\\\" 13/32\", \"millimeters\": 36}}, \"partNumber\": \"04-AU-BIR-T9494H36\"}','images/module/autograph/04-AU-xxx-T9494H36/04-AU-BIR-T9494H36/04-AU-BIR-T9494H36.jpg',0,0,'modules/autograph/04-au-xxx-t9494h36/04-au-bir-t9494h36/module',0,0,NULL,0,NULL,NULL,NULL,0,0,'2021-12-20 13:47:31','2021-12-20 13:47:31',NULL),(163,'04-AU-WAL-T9494H36',3,1,'{\"rules\": {\"rotation\": 0, \"trimmable\": [\"top\"]}, \"finishes\": [\"04-AU-WAL-KH-B\"], \"dimensions\": {\"depth\": {\"max\": {\"inches\": \"23.189\", \"millimeters\": 589}, \"min\": {\"inches\": \"15.9449\", \"millimeters\": 405}}, \"width\": {\"max\": {\"inches\": \"6\\\"\", \"millimeters\": 152.4}, \"min\": {\"inches\": \"6\\\"\", \"millimeters\": 152.4}}, \"height\": {\"inches\": \"1.53543\", \"millimeters\": 39}}, \"partNumber\": \"04-AU-BIR-KH-B\"}','images/module/autograph/04-AU-xxx-T9494H36/04-AU-WAL-T9494H36/04-AU-WAL-T9494H36.jpg',0,0,'modules/autograph/04-au-xxx-t9494h36/04-au-wal-t9494h36/module',0,0,NULL,0,NULL,NULL,NULL,0,0,'2021-12-20 13:47:31','2021-12-20 13:47:31',NULL),(164,'04-AU-BIR-T94266H36',3,2,'{\"rules\": {\"rotation\": 90}, \"finishes\": [\"04-AU-WAL-T94266H36\"], \"dimensions\": {\"depth\": {\"max\": {\"inches\": \"10\\\" 15/32\", \"millimeters\": 266}}, \"width\": {\"min\": {\"inches\": \"3\\\" 11/16\", \"millimeters\": 94}}, \"height\": {\"inches\": \"1\\\" 13/32\", \"millimeters\": 36}}, \"partNumber\": \"04-AU-BIR-T94266H36\"}','images/module/autograph/04-AU-xxx-T94266H36/04-AU-BIR-T94266H36/04-AU-BIR-T94266H36.jpg',0,0,'modules/autograph/04-au-xxx-t94266h36/04-au-bir-t94266h36/module',0,0,NULL,0,NULL,NULL,NULL,0,0,'2021-12-20 13:47:31','2021-12-20 13:47:31',NULL),(165,'04-AU-WAL-T94266H36',3,1,'{\"rules\": {\"rotation\": 90}, \"finishes\": [\"04-AU-BIR-T94266H36\"], \"dimensions\": {\"depth\": {\"max\": {\"inches\": \"10\\\" 15/32\", \"millimeters\": 266}}, \"width\": {\"min\": {\"inches\": \"3\\\" 11/16\", \"millimeters\": 94}}, \"height\": {\"inches\": \"1\\\" 13/32\", \"millimeters\": 36}}, \"partNumber\": \"04-AU-WAL-T94266H36\"}','images/module/autograph/04-AU-xxx-T94266H36/04-AU-WAL-T94266H36/04-AU-WAL-T94266H36.jpg',0,0,'modules/autograph/04-au-xxx-t94266h36/04-au-wal-t94266h36/module',0,0,NULL,0,NULL,NULL,NULL,0,0,'2021-12-20 13:47:31','2021-12-20 13:47:31',NULL),(166,'04-AU-BIR-T100305H55',3,2,'{\"rules\": {\"options\": [\"04-AU-ACCENT-SW-89\", \"04-AU-ACCENT-MB-89\", \"04-AU-ACCENT-SD-89\", \"04-AU-ACCENT-AN-89\", \"04-AU-ACCENT-AU79-89\"], \"rotation\": 90}, \"finishes\": [\"04-AU-WAL-T100305H55\"], \"dimensions\": {\"width\": {\"max\": {\"inches\": \"12\\\"\", \"millimeters\": 304.8}, \"min\": {\"inches\": \"3\\\" 15/16\", \"millimeters\": 100}}, \"height\": {\"inches\": \"2\\\" 5/32\", \"millimeters\": 55}}, \"partNumber\": \"04-AU-BIR-T100305H55\"}','images/module/autograph/04-AU-xxx-T100305H55/04-AU-BIR-T100305H55/04-AU-BIR-T100305H55.jpg',0,0,'modules/autograph/04-au-xxx-t100305h55/04-au-bir-t100305h55/module',0,0,NULL,0,NULL,NULL,NULL,0,0,'2021-12-20 13:47:31','2021-12-20 13:47:31',NULL),(167,'04-AU-WAL-T100305H55',3,1,'{\"rules\": {\"options\": [\"04-AU-ACCENT-SW-89\", \"04-AU-ACCENT-MB-89\", \"04-AU-ACCENT-SD-89\", \"04-AU-ACCENT-AN-89\", \"04-AU-ACCENT-AU79-89\"], \"rotation\": 90}, \"finishes\": [\"04-AU-BIR-T100305H55\"], \"dimensions\": {\"width\": {\"max\": {\"inches\": \"12\\\"\", \"millimeters\": 304.8}, \"min\": {\"inches\": \"3\\\" 15/16\", \"millimeters\": 100}}, \"height\": {\"inches\": \"2\\\" 5/32\", \"millimeters\": 55}}, \"partNumber\": \"04-AU-WAL-T100305H55\"}','images/module/autograph/04-AU-xxx-T100305H55/04-AU-WAL-T100305H55/04-AU-WAL-T100305H55.jpg',0,0,'modules/autograph/04-au-xxx-t100305h55/04-au-wal-t100305h55/module',0,0,NULL,0,NULL,NULL,NULL,0,0,'2021-12-20 13:47:31','2021-12-20 13:47:31',NULL),(168,'04-AU-BIR-T200305H55',3,2,'{\"rules\": {\"options\": [\"04-AU-ACCENT-SW-189\", \"04-AU-ACCENT-MB-189\", \"04-AU-ACCENT-SD-189\", \"04-AU-ACCENT-AN-189\", \"04-AU-ACCENT-AU79-189\"], \"rotation\": 90}, \"finishes\": [\"04-AU-WAL-T200305H55\"], \"dimensions\": {\"width\": {\"max\": {\"inches\": \"12\\\"\", \"millimeters\": 304.8}, \"min\": {\"inches\": \"7\\\" 7/8\", \"millimeters\": 200}}, \"height\": {\"inches\": \"2\\\" 5/32\", \"millimeters\": 55}}, \"partNumber\": \"04-AU-BIR-T200305H55\"}','images/module/autograph/04-AU-xxx-T200305H55/04-AU-BIR-T200305H55/04-AU-BIR-T200305H55.jpg',0,0,'modules/autograph/04-au-xxx-t200305h55/04-au-bir-t200305h55/module',0,0,NULL,0,NULL,NULL,NULL,0,0,'2021-12-20 13:47:31','2021-12-20 13:47:31',NULL),(169,'04-AU-WAL-T200305H55',3,1,'{\"rules\": {\"options\": [\"04-AU-ACCENT-SW-189\", \"04-AU-ACCENT-MB-189\", \"04-AU-ACCENT-SD-189\", \"04-AU-ACCENT-AN-189\", \"04-AU-ACCENT-AU79-189\"], \"rotation\": 90}, \"finishes\": [\"04-AU-BIR-T200305H55\"], \"dimensions\": {\"width\": {\"max\": {\"inches\": \"12\\\"\", \"millimeters\": 304.8}, \"min\": {\"inches\": \"7\\\" 7/8\", \"millimeters\": 200}}, \"height\": {\"inches\": \"2\\\" 5/32\", \"millimeters\": 55}}, \"partNumber\": \"04-AU-WAL-T200305H55\"}','images/module/autograph/04-AU-xxx-T200305H55/04-AU-WAL-T200305H55/04-AU-WAL-T200305H55.jpg',0,0,'modules/autograph/04-au-xxx-t200305h55/04-au-wal-t200305h55/module',0,0,NULL,0,NULL,NULL,NULL,0,0,'2021-12-20 13:47:31','2021-12-20 13:47:31',NULL),(170,'04-AU-BIR-T210406H110',3,2,'{\"rules\": {\"rotation\": 90}, \"finishes\": [\"04-AU-WAL-T210406H110\"], \"dimensions\": {\"depth\": {\"max\": {\"inches\": \"15\\\" 31/32\", \"millimeters\": 406}, \"min\": {\"inches\": \"15\\\" 31/32\", \"millimeters\": 406}}, \"width\": {\"max\": {\"inches\": \"8\\\" 9/32\", \"millimeters\": 210}, \"min\": {\"inches\": \"8\\\" 9/32\", \"millimeters\": 210}}, \"height\": {\"inches\": \"4\\\" 11/32\", \"millimeters\": 110}}, \"partNumber\": \"04-AU-BIR-T210406H110\"}','images/module/autograph/04-AU-xxx-T210406H110/04-AU-BIR-T210406H110/04-AU-BIR-T210406H110.jpg',0,0,'modules/autograph/04-au-xxx-t210406h110/04-au-bir-t210406h110/module',0,0,NULL,0,NULL,NULL,NULL,0,0,'2021-12-20 13:47:31','2021-12-20 13:47:31',NULL),(171,'04-AU-WAL-T210406H110',3,1,'{\"rules\": {\"rotation\": 90}, \"finishes\": [\"04-AU-BIR-T210406H110\"], \"dimensions\": {\"depth\": {\"max\": {\"inches\": \"15\\\" 31/32\", \"millimeters\": 406}, \"min\": {\"inches\": \"15\\\" 31/32\", \"millimeters\": 406}}, \"width\": {\"max\": {\"inches\": \"8\\\" 9/32\", \"millimeters\": 210}, \"min\": {\"inches\": \"8\\\" 9/32\", \"millimeters\": 210}}, \"height\": {\"inches\": \"4\\\" 11/32\", \"millimeters\": 110}}, \"partNumber\": \"04-AU-WAL-T210406H110\"}','images/module/autograph/04-AU-xxx-T210406H110/04-AU-WAL-T210406H110/04-AU-WAL-T210406H110.jpg',0,0,'modules/autograph/04-au-xxx-t210406h110/04-au-wal-t210406h110/module',0,0,NULL,0,NULL,NULL,NULL,0,0,'2021-12-20 13:47:31','2021-12-20 13:47:31',NULL),(172,'04-AU-BIR-T210506H110',3,2,'{\"rules\": {\"rotation\": 90}, \"finishes\": [\"04-AU-WAL-T210506H110\"], \"dimensions\": {\"depth\": {\"max\": {\"inches\": \"19\\\" 29/32\", \"millimeters\": 506}, \"min\": {\"inches\": \"19\\\" 29/32\", \"millimeters\": 506}}, \"width\": {\"max\": {\"inches\": \"8\\\" 9/32\", \"millimeters\": 210}, \"min\": {\"inches\": \"8\\\" 9/32\", \"millimeters\": 210}}, \"height\": {\"inches\": \"4\\\" 11/32\", \"millimeters\": 110}}, \"partNumber\": \"04-AU-BIR-T210506H110\"}','images/module/autograph/04-AU-xxx-T210506H110/04-AU-BIR-T210506H110/04-AU-BIR-T210506H110.jpg',0,0,'modules/autograph/04-au-xxx-t210506h110/04-au-bir-t210506h110/module',0,0,NULL,0,NULL,NULL,NULL,0,0,'2021-12-20 13:47:31','2021-12-20 13:47:31',NULL),(173,'04-AU-WAL-T210506H110',3,1,'{\"rules\": {\"rotation\": 90}, \"finishes\": [\"04-AU-BIR-T210506H110\"], \"dimensions\": {\"depth\": {\"max\": {\"inches\": \"19\\\" 29/32\", \"millimeters\": 506}, \"min\": {\"inches\": \"19\\\" 29/32\", \"millimeters\": 506}}, \"width\": {\"max\": {\"inches\": \"8\\\" 9/32\", \"millimeters\": 210}, \"min\": {\"inches\": \"8\\\" 9/32\", \"millimeters\": 210}}, \"height\": {\"inches\": \"4\\\" 11/32\", \"millimeters\": 110}}, \"partNumber\": \"04-AU-WAL-T210506H110\"}','images/module/autograph/04-AU-xxx-T210506H110/04-AU-WAL-T210506H110/04-AU-WAL-T210506H110.jpg',0,0,'modules/autograph/04-au-xxx-t210506h110/04-au-wal-t210506h110/module',0,0,NULL,0,NULL,NULL,NULL,0,0,'2021-12-20 13:47:31','2021-12-20 13:47:31',NULL),(174,'BIR-spice rack 35mm spacer Size A',3,2,'{\"rules\": {\"rotation\": 0, \"trimmable\": [\"top\"]}, \"finishes\": [\"04-AU-WAL-KH-B\"], \"dimensions\": {\"depth\": {\"max\": {\"inches\": \"23.189\", \"millimeters\": 589}, \"min\": {\"inches\": \"15.9449\", \"millimeters\": 405}}, \"width\": {\"max\": {\"inches\": \"6\\\"\", \"millimeters\": 152.4}, \"min\": {\"inches\": \"6\\\"\", \"millimeters\": 152.4}}, \"height\": {\"inches\": \"1.53543\", \"millimeters\": 39}}, \"partNumber\": \"04-AU-BIR-KH-B\"}','images/module/autograph/spice rack 35mm spacer Size A/BIR-spice rack 35mm spacer Size A/BIR-spice rack 35mm spacer Size A.jpg',0,1,'modules/autograph/spice rack 35mm spacer size a/bir-spice rack 35mm spacer size a/module',0,0,NULL,0,NULL,NULL,NULL,0,0,'2021-12-20 13:47:31','2021-12-20 13:47:31',NULL),(175,'WAL-spice rack 35mm spacer Size A',3,1,'{\"rules\": {\"rotation\": 0, \"trimmable\": [\"top\"]}, \"finishes\": [\"04-AU-WAL-KH-B\"], \"dimensions\": {\"depth\": {\"max\": {\"inches\": \"23.189\", \"millimeters\": 589}, \"min\": {\"inches\": \"15.9449\", \"millimeters\": 405}}, \"width\": {\"max\": {\"inches\": \"6\\\"\", \"millimeters\": 152.4}, \"min\": {\"inches\": \"6\\\"\", \"millimeters\": 152.4}}, \"height\": {\"inches\": \"1.53543\", \"millimeters\": 39}}, \"partNumber\": \"04-AU-BIR-KH-B\"}','images/module/autograph/spice rack 35mm spacer Size A/WAL-spice rack 35mm spacer Size A/WAL-spice rack 35mm spacer Size A.jpg',0,1,'modules/autograph/spice rack 35mm spacer size a/wal-spice rack 35mm spacer size a/module',0,0,NULL,0,NULL,NULL,NULL,0,0,'2021-12-20 13:47:31','2021-12-20 13:47:31',NULL),(176,'BIR-spice rack 53mm spacer Size A',3,2,'{\"rules\": {\"rotation\": 0, \"trimmable\": [\"top\"]}, \"finishes\": [\"04-AU-WAL-KH-B\"], \"dimensions\": {\"depth\": {\"max\": {\"inches\": \"23.189\", \"millimeters\": 589}, \"min\": {\"inches\": \"15.9449\", \"millimeters\": 405}}, \"width\": {\"max\": {\"inches\": \"6\\\"\", \"millimeters\": 152.4}, \"min\": {\"inches\": \"6\\\"\", \"millimeters\": 152.4}}, \"height\": {\"inches\": \"1.53543\", \"millimeters\": 39}}, \"partNumber\": \"04-AU-BIR-KH-B\"}','images/module/autograph/spice rack 53mm spacer Size A/BIR-spice rack 53mm spacer Size A/BIR-spice rack 53mm spacer Size A.jpg',0,1,'modules/autograph/spice rack 53mm spacer size a/bir-spice rack 53mm spacer size a/module',0,0,NULL,0,NULL,NULL,NULL,0,0,'2021-12-20 13:47:31','2021-12-20 13:47:31',NULL),(177,'WAL-spice rack 53mm spacer Size A',3,1,'{\"rules\": {\"rotation\": 0, \"trimmable\": [\"top\"]}, \"finishes\": [\"04-AU-WAL-KH-B\"], \"dimensions\": {\"depth\": {\"max\": {\"inches\": \"23.189\", \"millimeters\": 589}, \"min\": {\"inches\": \"15.9449\", \"millimeters\": 405}}, \"width\": {\"max\": {\"inches\": \"6\\\"\", \"millimeters\": 152.4}, \"min\": {\"inches\": \"6\\\"\", \"millimeters\": 152.4}}, \"height\": {\"inches\": \"1.53543\", \"millimeters\": 39}}, \"partNumber\": \"04-AU-BIR-KH-B\"}','images/module/autograph/spice rack 53mm spacer Size A/WAL-spice rack 53mm spacer Size A/WAL-spice rack 53mm spacer Size A.jpg',0,1,'modules/autograph/spice rack 53mm spacer size a/wal-spice rack 53mm spacer size a/module',0,0,NULL,0,NULL,NULL,NULL,0,0,'2021-12-20 13:47:31','2021-12-20 13:47:31',NULL),(178,'BIR-Spice rack Size A',3,2,'{\"rules\": {\"rotation\": 0, \"trimmable\": [\"top\"]}, \"finishes\": [\"04-AU-WAL-KH-B\"], \"dimensions\": {\"depth\": {\"max\": {\"inches\": \"23.189\", \"millimeters\": 589}, \"min\": {\"inches\": \"15.9449\", \"millimeters\": 405}}, \"width\": {\"max\": {\"inches\": \"6\\\"\", \"millimeters\": 152.4}, \"min\": {\"inches\": \"6\\\"\", \"millimeters\": 152.4}}, \"height\": {\"inches\": \"1.53543\", \"millimeters\": 39}}, \"partNumber\": \"04-AU-BIR-KH-B\"}','images/module/autograph/Spice rack Size A/BIR-Spice rack Size A/BIR-Spice rack Size A.jpg',1,1,'modules/autograph/spice rack size a/bir-spice rack size a/module',0,0,NULL,0,NULL,NULL,NULL,0,0,'2021-12-20 13:47:31','2021-12-20 13:47:31',NULL),(179,'WAL-Spice rack Size A',3,1,'{\"rules\": {\"rotation\": 0, \"trimmable\": [\"top\"]}, \"finishes\": [\"04-AU-WAL-KH-B\"], \"dimensions\": {\"depth\": {\"max\": {\"inches\": \"23.189\", \"millimeters\": 589}, \"min\": {\"inches\": \"15.9449\", \"millimeters\": 405}}, \"width\": {\"max\": {\"inches\": \"6\\\"\", \"millimeters\": 152.4}, \"min\": {\"inches\": \"6\\\"\", \"millimeters\": 152.4}}, \"height\": {\"inches\": \"1.53543\", \"millimeters\": 39}}, \"partNumber\": \"04-AU-BIR-KH-B\"}','images/module/autograph/Spice rack Size A/WAL-Spice rack Size A/WAL-Spice rack Size A.jpg',1,1,'modules/autograph/spice rack size a/wal-spice rack size a/module',0,0,NULL,0,NULL,NULL,NULL,0,0,'2021-12-20 13:47:31','2021-12-20 13:47:31',NULL),(180,'04-SRMAT-GM',3,4,NULL,'images/module/autograph/04-SRMAT-GM/04-SRMAT-GM.jpg',0,0,'materials/mats/matte-gray',0,1,NULL,0,NULL,NULL,NULL,0,0,'2021-12-20 13:47:31','2021-12-20 13:47:31',NULL),(181,'04-SRMAT-SIL',3,10,NULL,'images/module/autograph/04-SRMAT-SIL/04-SRMAT-SIL.jpg',0,0,'materials/mats/silver',0,1,NULL,0,NULL,NULL,NULL,0,0,'2021-12-20 13:47:31','2021-12-20 13:47:31',NULL),(182,'04-AREA-SP-CH',1,11,'{\"rules\": {\"trimmable\": [\"top\", \"bottom\"]}, \"finishes\": [], \"dimensions\": {\"depth\": {\"max\": {\"inches\": \"21\\\" 21/32\", \"millimeters\": 550}, \"min\": {\"inches\": \"18\\\" 1/8\", \"millimeters\": 460}}, \"width\": {\"max\": {\"inches\": \"0\\\" 3/32\", \"millimeters\": 2}, \"min\": {\"inches\": \"0\\\" 3/32\", \"millimeters\": 2}}}, \"partNumber\": \"04-AREA-SP-CH\"}','images/module/area/04-AREA-SP-CH/04-AREA-SP-CH.jpg',0,1,'modules/area/04-area-sp-ch/04-area-sp-ch/module',0,0,NULL,1,NULL,NULL,NULL,0,1,'2021-12-20 13:47:31','2021-12-20 13:47:31',NULL);
/*!40000 ALTER TABLE `Module` ENABLE KEYS */;
UNLOCK TABLES;

--
-- Table structure for table `ModuleAttachments`
--

DROP TABLE IF EXISTS `ModuleAttachments`;
/*!40101 SET @saved_cs_client     = @@character_set_client */;
/*!50503 SET character_set_client = utf8mb4 */;
CREATE TABLE `ModuleAttachments` (
  `id` int NOT NULL AUTO_INCREMENT,
  `moduleId` int NOT NULL,
  `attachmentId` int NOT NULL,
  PRIMARY KEY (`id`),
  KEY `moduleId` (`moduleId`),
  KEY `attachmentId` (`attachmentId`),
  CONSTRAINT `ModuleAttachments_ibfk_1` FOREIGN KEY (`moduleId`) REFERENCES `Module` (`id`) ON DELETE CASCADE ON UPDATE CASCADE,
  CONSTRAINT `ModuleAttachments_ibfk_2` FOREIGN KEY (`attachmentId`) REFERENCES `Module` (`id`) ON DELETE CASCADE ON UPDATE CASCADE
) ENGINE=InnoDB AUTO_INCREMENT=5 DEFAULT CHARSET=utf8mb4 COLLATE=utf8mb4_unicode_ci;
/*!40101 SET character_set_client = @saved_cs_client */;

--
-- Dumping data for table `ModuleAttachments`
--

LOCK TABLES `ModuleAttachments` WRITE;
/*!40000 ALTER TABLE `ModuleAttachments` DISABLE KEYS */;
INSERT INTO `ModuleAttachments` VALUES (1,160,174),(2,160,178),(3,161,175),(4,161,179);
/*!40000 ALTER TABLE `ModuleAttachments` ENABLE KEYS */;
UNLOCK TABLES;

--
-- Table structure for table `ModuleCategory`
--

DROP TABLE IF EXISTS `ModuleCategory`;
/*!40101 SET @saved_cs_client     = @@character_set_client */;
/*!50503 SET character_set_client = utf8mb4 */;
CREATE TABLE `ModuleCategory` (
  `id` int NOT NULL AUTO_INCREMENT,
  `moduleId` int NOT NULL,
  `categoryId` int NOT NULL,
  PRIMARY KEY (`id`),
  KEY `moduleId` (`moduleId`),
  KEY `categoryId` (`categoryId`),
  CONSTRAINT `ModuleCategory_ibfk_1` FOREIGN KEY (`moduleId`) REFERENCES `Module` (`id`) ON DELETE CASCADE ON UPDATE CASCADE,
  CONSTRAINT `ModuleCategory_ibfk_2` FOREIGN KEY (`categoryId`) REFERENCES `Category` (`id`) ON DELETE CASCADE ON UPDATE CASCADE
) ENGINE=InnoDB AUTO_INCREMENT=442 DEFAULT CHARSET=utf8mb4 COLLATE=utf8mb4_unicode_ci;
/*!40101 SET character_set_client = @saved_cs_client */;

--
-- Dumping data for table `ModuleCategory`
--

LOCK TABLES `ModuleCategory` WRITE;
/*!40000 ALTER TABLE `ModuleCategory` DISABLE KEYS */;
INSERT INTO `ModuleCategory` VALUES (1,2,1),(2,4,3),(3,6,3),(4,8,3),(5,10,3),(6,12,3),(7,14,3),(8,16,1),(9,18,1),(10,20,3),(11,22,3),(12,24,3),(13,26,9),(14,28,9),(15,30,9),(16,32,9),(17,34,9),(18,133,4),(19,135,4),(20,137,1),(21,139,3),(22,141,3),(23,143,4),(24,145,4),(25,147,1),(26,149,4),(27,151,1),(28,153,9),(29,155,9),(30,157,4),(31,159,1),(32,161,4),(33,163,7),(34,165,7),(35,167,5),(36,169,5),(37,171,6),(38,173,6),(39,175,1),(40,177,1),(41,179,1),(42,1,1),(43,3,3),(44,5,3),(45,7,3),(46,9,3),(47,11,3),(48,13,3),(49,15,1),(50,17,1),(51,19,3),(52,21,3),(53,23,3),(54,25,9),(55,27,9),(56,29,9),(57,31,9),(58,33,9),(59,132,4),(60,134,4),(61,136,1),(62,138,3),(63,140,3),(64,142,4),(65,144,4),(66,146,1),(67,148,4),(68,150,1),(69,152,9),(70,154,9),(71,156,4),(72,158,1),(73,160,4),(74,162,7),(75,164,7),(76,166,5),(77,168,5),(78,170,6),(79,172,6),(80,174,1),(81,176,1),(82,178,1),(83,37,11),(84,40,11),(85,43,11),(86,46,11),(87,49,11),(88,52,11),(89,55,11),(90,58,11),(91,61,11),(92,64,11),(93,67,11),(94,70,11),(95,73,13),(96,76,13),(97,79,12),(98,82,1),(99,85,1),(100,88,1),(101,91,12),(102,96,1),(103,101,1),(104,106,1),(105,111,1),(106,116,1),(107,121,4),(108,126,7),(109,131,7),(110,35,11),(111,38,11),(112,41,11),(113,44,11),(114,47,11),(115,50,11),(116,53,11),(117,56,11),(118,59,11),(119,62,11),(120,65,11),(121,68,11),(122,71,13),(123,74,13),(124,77,12),(125,80,1),(126,83,1),(127,86,1),(128,89,12),(129,36,11),(130,39,11),(131,42,11),(132,45,11),(133,48,11),(134,51,11),(135,54,11),(136,57,11),(137,60,11),(138,63,11),(139,66,11),(140,69,11),(141,72,13),(142,75,13),(143,78,12),(144,81,1),(145,84,1),(146,87,1),(147,90,12),(148,94,1),(149,99,1),(150,104,1),(151,109,1),(152,114,1),(153,119,4),(154,124,7),(155,129,7),(156,95,1),(157,100,1),(158,105,1),(159,110,1),(160,115,1),(161,120,4),(162,125,7),(163,130,7),(164,92,1),(165,97,1),(166,102,1),(167,107,1),(168,112,1),(169,117,4),(170,122,7),(171,127,7),(172,93,1),(173,98,1),(174,103,1),(175,108,1),(176,113,1),(177,118,4),(178,123,7),(179,128,7),(256,21,4),(257,22,4),(258,23,4),(259,24,4),(260,13,4),(261,14,4),(262,19,4),(263,20,4),(264,19,10),(265,20,10),(266,38,1),(267,41,1),(268,44,1),(269,47,1),(270,50,1),(271,53,1),(272,56,1),(273,59,1),(274,62,1),(275,65,1),(276,68,1),(277,35,1),(278,39,1),(279,42,1),(280,45,1),(281,48,1),(282,51,1),(283,54,1),(284,57,1),(285,60,1),(286,63,1),(287,66,1),(288,69,1),(289,36,1),(290,40,1),(291,43,1),(292,46,1),(293,49,1),(294,52,1),(295,55,1),(296,58,1),(297,61,1),(298,64,1),(299,67,1),(300,70,1),(301,37,1),(302,71,1),(303,74,1),(304,72,1),(305,75,1),(306,73,1),(307,76,1),(308,77,1),(309,89,1),(310,78,1),(311,90,1),(312,79,1),(313,91,1),(314,134,1),(315,138,1),(316,140,1),(317,142,1),(318,144,1),(319,148,1),(320,152,1),(321,154,1),(322,156,1),(323,160,1),(324,166,1),(325,168,1),(326,170,1),(327,172,1),(328,164,1),(329,162,1),(330,117,1),(331,118,1),(332,119,1),(333,120,1),(334,121,1),(335,127,1),(336,128,1),(337,129,1),(338,130,1),(339,131,1),(340,122,1),(341,123,1),(342,124,1),(343,125,1),(344,126,1),(345,132,1),(346,133,1),(347,135,1),(348,139,1),(349,141,1),(350,143,1),(351,145,1),(352,149,1),(353,153,1),(354,155,1),(355,157,1),(356,161,1),(357,167,1),(358,169,1),(359,171,1),(360,173,1),(361,165,1),(362,163,1),(363,3,1),(364,5,1),(365,7,1),(366,9,1),(367,11,1),(368,13,1),(369,13,1),(370,19,1),(371,19,1),(372,19,1),(373,21,1),(374,21,1),(375,23,1),(376,23,1),(377,4,1),(378,6,1),(379,8,1),(380,10,1),(381,12,1),(382,14,1),(383,14,1),(384,20,1),(385,20,1),(386,20,1),(387,22,1),(388,22,1),(389,24,1),(390,24,1),(391,25,1),(392,26,1),(393,27,1),(394,29,1),(395,31,1),(396,33,1),(397,28,1),(398,30,1),(399,32,1),(400,34,1),(401,180,2),(402,181,2),(403,180,1),(404,181,1),(405,15,9),(406,17,9),(407,16,9),(408,18,9),(412,80,12),(413,83,12),(414,86,12),(415,81,12),(416,84,12),(417,87,12),(418,82,12),(419,85,12),(420,88,12),(427,136,4),(428,137,4),(429,146,4),(430,147,4),(431,150,4),(432,151,4),(433,158,4),(434,159,4);
/*!40000 ALTER TABLE `ModuleCategory` ENABLE KEYS */;
UNLOCK TABLES;

--
-- Table structure for table `ModuleType`
--

DROP TABLE IF EXISTS `ModuleType`;
/*!40101 SET @saved_cs_client     = @@character_set_client */;
/*!50503 SET character_set_client = utf8mb4 */;
CREATE TABLE `ModuleType` (
  `id` int NOT NULL AUTO_INCREMENT,
  `typeId` int NOT NULL,
  `moduleId` int NOT NULL,
  PRIMARY KEY (`id`),
  KEY `typeId` (`typeId`),
  KEY `moduleId` (`moduleId`),
  CONSTRAINT `ModuleType_ibfk_1` FOREIGN KEY (`typeId`) REFERENCES `Type` (`id`) ON DELETE CASCADE ON UPDATE CASCADE,
  CONSTRAINT `ModuleType_ibfk_2` FOREIGN KEY (`moduleId`) REFERENCES `Module` (`id`) ON DELETE CASCADE ON UPDATE CASCADE
) ENGINE=InnoDB AUTO_INCREMENT=282 DEFAULT CHARSET=utf8mb4 COLLATE=utf8mb4_unicode_ci;
/*!40101 SET character_set_client = @saved_cs_client */;

--
-- Dumping data for table `ModuleType`
--

LOCK TABLES `ModuleType` WRITE;
/*!40000 ALTER TABLE `ModuleType` DISABLE KEYS */;
INSERT INTO `ModuleType` VALUES (1,1,180),(2,1,181),(7,1,167),(8,1,169),(9,1,171),(10,1,173),(15,1,138),(16,1,140),(19,1,132),(20,1,133),(22,1,122),(24,1,123),(30,1,127),(32,1,128),(35,1,129),(36,1,130),(37,1,160),(38,1,131),(39,1,144),(40,1,156),(42,1,162),(44,1,163),(45,1,124),(46,1,125),(47,1,164),(48,1,165),(49,1,126),(51,1,148),(53,1,134),(59,1,121),(64,1,117),(65,1,118),(66,1,119),(67,1,120),(69,2,27),(70,2,28),(71,2,29),(72,2,30),(73,2,31),(74,2,32),(75,2,33),(76,2,34),(77,2,134),(78,2,135),(79,2,148),(80,2,149),(81,2,144),(82,2,145),(83,2,156),(84,2,157),(85,2,142),(86,2,143),(87,2,152),(88,2,153),(89,2,154),(90,2,155),(91,2,125),(92,2,126),(93,2,117),(94,2,118),(95,2,119),(96,2,120),(97,2,121),(98,1,1),(99,1,2),(100,1,3),(102,1,5),(103,1,6),(104,1,7),(105,1,8),(106,1,9),(107,1,10),(108,1,19),(109,1,20),(110,1,21),(111,1,22),(112,1,23),(113,1,24),(114,1,13),(115,1,14),(116,1,11),(117,1,12),(118,1,38),(119,1,39),(120,1,40),(121,1,41),(122,1,42),(123,1,43),(124,1,44),(125,1,45),(126,1,46),(127,1,47),(128,1,48),(129,1,49),(130,1,50),(131,1,51),(132,1,52),(133,1,53),(134,1,54),(135,1,55),(136,1,56),(137,1,57),(138,1,58),(139,1,59),(140,1,60),(141,1,61),(142,1,65),(143,1,66),(144,1,67),(145,1,68),(146,1,69),(147,1,70),(148,1,35),(149,1,36),(150,1,37),(151,1,62),(152,1,63),(153,1,64),(154,1,77),(155,1,78),(156,1,79),(157,1,89),(158,1,90),(159,1,91),(160,1,74),(161,1,75),(162,1,76),(163,1,71),(164,1,72),(165,1,73),(166,2,38),(167,2,39),(168,2,40),(169,2,41),(170,2,42),(171,2,43),(172,2,44),(173,2,45),(174,2,46),(175,2,47),(176,2,48),(177,2,49),(178,2,50),(179,2,51),(180,2,52),(181,2,53),(182,2,54),(183,2,55),(184,2,56),(185,2,57),(186,2,58),(187,2,59),(188,2,60),(189,2,61),(190,2,65),(191,2,66),(192,2,67),(193,2,68),(194,2,69),(195,2,70),(196,2,35),(197,2,36),(198,2,37),(199,2,62),(200,2,63),(201,2,64),(202,2,77),(203,2,78),(204,2,79),(205,2,89),(206,2,90),(207,2,91),(208,2,74),(209,2,75),(210,2,76),(211,2,71),(212,2,72),(213,2,73),(214,1,157),(215,1,145),(216,1,149),(217,1,135),(218,1,161),(219,1,166),(220,1,168),(221,1,170),(222,1,172),(223,2,25),(224,2,26),(225,1,4),(226,2,136),(227,1,136),(228,1,146),(229,2,146),(230,1,147),(231,2,147),(232,1,137),(233,2,137),(234,1,150),(235,2,150),(236,1,151),(237,2,151),(238,1,158),(239,2,158),(240,1,159),(241,2,159),(242,2,15),(243,2,17),(244,2,16),(245,2,18),(249,2,182),(250,2,80),(251,2,83),(252,2,86),(253,2,81),(254,2,84),(255,2,87),(256,2,82),(257,2,85),(258,2,88),(264,1,182),(265,1,80),(266,1,83),(267,1,86),(268,1,81),(269,1,84),(270,1,87),(271,1,82),(272,1,85),(273,1,88),(279,1,139),(280,1,141);
/*!40000 ALTER TABLE `ModuleType` ENABLE KEYS */;
UNLOCK TABLES;

--
-- Table structure for table `Project`
--

DROP TABLE IF EXISTS `Project`;
/*!40101 SET @saved_cs_client     = @@character_set_client */;
/*!50503 SET character_set_client = utf8mb4 */;
CREATE TABLE `Project` (
  `id` int NOT NULL AUTO_INCREMENT,
  `title` varchar(255) CHARACTER SET utf8mb4 COLLATE utf8mb4_unicode_ci NOT NULL,
  `collectionId` int NOT NULL,
  `finishId` int NOT NULL,
  `slideId` int NOT NULL,
  `gable` double NOT NULL,
  `slideDepthId` int NOT NULL,
  `typeId` int NOT NULL,
  `cabinetWidth` double DEFAULT NULL,
  `slug` varchar(191) CHARACTER SET utf8mb4 COLLATE utf8mb4_unicode_ci NOT NULL,
  `hasPegs` tinyint(1) NOT NULL DEFAULT '0',
  `userId` int DEFAULT NULL,
  `calculatedWidth` double DEFAULT NULL,
  PRIMARY KEY (`id`),
  UNIQUE KEY `Project.slug_unique` (`slug`),
  KEY `collectionId` (`collectionId`),
  KEY `finishId` (`finishId`),
  KEY `slideId` (`slideId`),
  KEY `typeId` (`typeId`),
  KEY `slideDepthId` (`slideDepthId`),
  KEY `userId` (`userId`),
  CONSTRAINT `Project_ibfk_1` FOREIGN KEY (`collectionId`) REFERENCES `Collection` (`id`) ON DELETE CASCADE ON UPDATE CASCADE,
  CONSTRAINT `Project_ibfk_2` FOREIGN KEY (`finishId`) REFERENCES `Finish` (`id`) ON DELETE CASCADE ON UPDATE CASCADE,
  CONSTRAINT `Project_ibfk_4` FOREIGN KEY (`slideId`) REFERENCES `Slide` (`id`) ON DELETE CASCADE ON UPDATE CASCADE,
  CONSTRAINT `Project_ibfk_6` FOREIGN KEY (`typeId`) REFERENCES `Type` (`id`) ON DELETE CASCADE ON UPDATE CASCADE,
  CONSTRAINT `Project_ibfk_7` FOREIGN KEY (`slideDepthId`) REFERENCES `SlideDepth` (`id`) ON DELETE CASCADE ON UPDATE CASCADE,
  CONSTRAINT `Project_ibfk_8` FOREIGN KEY (`userId`) REFERENCES `User` (`id`) ON DELETE SET NULL ON UPDATE CASCADE
) ENGINE=InnoDB AUTO_INCREMENT=186 DEFAULT CHARSET=utf8mb4 COLLATE=utf8mb4_unicode_ci;
/*!40101 SET character_set_client = @saved_cs_client */;

--
-- Dumping data for table `Project`
--

LOCK TABLES `Project` WRITE;
/*!40000 ALTER TABLE `Project` DISABLE KEYS */;
INSERT INTO `Project` VALUES (60,'Sample Drawer',3,1,3,15.88,108,1,914.4,'sample-drawer',0,3,NULL),(71,'Laura',2,2,2,15.88,15,1,914.4,'laura',0,3,NULL),(78,'Space Planner Beta',2,2,3,15.88,26,1,914.4,'space-planner-beta',0,4,NULL),(87,'test',1,4,1,15.88,53,1,609.6,'test',0,5,NULL),(91,'Area Beta',1,4,3,15.88,64,1,914.4,'area-beta',0,4,NULL),(94,'rwsat3w',1,4,2,15.88,58,1,762,'rwsat3w',0,5,NULL),(95,'htrdgrh',3,1,3,15.88,103,1,914.4,'htrdgrh',0,5,NULL),(96,'imprint',2,2,2,15.88,10,1,609.6,'imprint',0,5,NULL),(102,'fdsdfsfds',1,4,1,15.88,52,1,228.6,'fdsdfsfds',0,5,NULL),(118,'Test 02',1,4,1,15.88,52,1,1016,'test-02',0,2,NULL),(120,'Test 03',1,3,1,18,53,1,1016,'test-03',0,2,NULL),(130,'Test 04',1,4,1,15.88,54,1,1016,'test-04',0,2,NULL),(176,'blanc 15',1,3,21,15.88,66,1,381,'blanc-15',0,6,NULL),(177,'27 pouce',1,4,20,15.88,64,1,685.8,'27-pouce',0,6,NULL),(178,'30\"',1,3,16,15.88,57,1,762,'30',0,6,NULL),(179,'test drawer Dirks',1,5,17,15.88,59,1,650,'test-drawer-dirks',0,6,NULL),(181,'test 02-10-2022',1,3,20,15.88,64,1,609.6,'test-02-10-2022',0,6,NULL),(184,'fds',1,4,18,15.88,60,1,381,'fds',0,5,NULL),(185,'24\"',1,3,20,15.88,64,1,609.6,'24',0,1,NULL);
/*!40000 ALTER TABLE `Project` ENABLE KEYS */;
UNLOCK TABLES;

--
-- Table structure for table `ProjectModule`
--

DROP TABLE IF EXISTS `ProjectModule`;
/*!40101 SET @saved_cs_client     = @@character_set_client */;
/*!50503 SET character_set_client = utf8mb4 */;
CREATE TABLE `ProjectModule` (
  `id` int NOT NULL AUTO_INCREMENT,
  `projectId` int DEFAULT NULL,
  `posX` double NOT NULL DEFAULT '0',
  `posZ` double NOT NULL DEFAULT '0',
  `rotY` double NOT NULL DEFAULT '0',
  `parentId` int DEFAULT NULL,
  `moduleId` int NOT NULL,
  `posY` double NOT NULL DEFAULT '0',
  `nanoId` varchar(191) CHARACTER SET utf8mb4 COLLATE utf8mb4_unicode_ci NOT NULL,
  `parentNanoId` varchar(191) CHARACTER SET utf8mb4 COLLATE utf8mb4_unicode_ci DEFAULT NULL,
  PRIMARY KEY (`id`),
  UNIQUE KEY `ProjectModule.nanoId_unique` (`nanoId`),
  KEY `projectId` (`projectId`),
  KEY `parentId` (`parentId`),
  KEY `moduleId` (`moduleId`),
  CONSTRAINT `ProjectModule_ibfk_1` FOREIGN KEY (`projectId`) REFERENCES `Project` (`id`) ON DELETE CASCADE ON UPDATE CASCADE,
  CONSTRAINT `ProjectModule_ibfk_2` FOREIGN KEY (`parentId`) REFERENCES `ProjectModule` (`id`) ON DELETE SET NULL ON UPDATE CASCADE,
  CONSTRAINT `ProjectModule_ibfk_3` FOREIGN KEY (`moduleId`) REFERENCES `Module` (`id`) ON DELETE CASCADE ON UPDATE CASCADE
) ENGINE=InnoDB AUTO_INCREMENT=1611 DEFAULT CHARSET=utf8mb4 COLLATE=utf8mb4_unicode_ci;
/*!40101 SET character_set_client = @saved_cs_client */;

--
-- Dumping data for table `ProjectModule`
--

LOCK TABLES `ProjectModule` WRITE;
/*!40000 ALTER TABLE `ProjectModule` DISABLE KEYS */;
INSERT INTO `ProjectModule` VALUES (998,71,3.733061552047729,3.743615865707397,0,NULL,5,0.2000000029802322,'WMqTGa-g7grrg-rtCWVLn',NULL),(999,71,1.828060150146484,3.743615865707397,0,998,1,0.2000000029802322,'V7zZQGYXUYtlYrUN6OX7Q','WMqTGa-g7grrg-rtCWVLn'),(1008,60,4.577757835388184,2.59499979019165,0,NULL,133,0.2000000029802322,'mYAeRxCLMPfAeGK9v2xd4',NULL),(1011,60,4.577757835388184,2.83420991897583,0,1008,108,0.2440000027418137,'tUB4-D9cq-FOUbe0cREog','mYAeRxCLMPfAeGK9v2xd4'),(1094,78,0.7620008587837219,2.945000171661377,0,NULL,3,0.2000000029802322,'rrsLzBLU3p43BQmLxGYLZ',NULL),(1107,78,4.254502296447754,2.945000171661377,0,1094,19,0.2000000029802322,'f1LY9WnKMz6d6NdRoca7T','rrsLzBLU3p43BQmLxGYLZ'),(1247,87,2.632200002670288,2.625,0,NULL,53,0.2000000029802322,'sjC62fAQIx_HAKGkxwaAW',NULL),(1248,91,6.134449005126953,2.558795213699341,0,NULL,71,0.2000000029802322,'UBrUsBxK8ufphl8OTzaI0',NULL),(1249,91,1.500077128410339,2.558795213699341,0,NULL,77,0.2000000029802322,'xc9XnBBYJTd-WZmtGX-eu',NULL),(1256,87,4.264200210571289,2.384000062942505,0,1247,62,0.2440000027418137,'v73Lx6VoqCpPJLxtVzc6V','sjC62fAQIx_HAKGkxwaAW'),(1257,94,3.362449407577515,2.610085010528564,0,NULL,56,0.2000000029802322,'AujoeAh8_k12as0BldZb5',NULL),(1264,95,3.258700847625732,1.744910359382629,0,NULL,149,0.2000000029802322,'XhO9ipa34ANihZbBmwzVu',NULL),(1265,95,1.994179606437683,1.328749895095825,0,NULL,165,0.2000000029802322,'IfYhRl9ghewU3qha6cRzS',NULL),(1282,96,2.600450038909912,2.369999885559082,0,NULL,3,0.2000000029802322,'Mgux8TrlcTDRAYiFUYR7D',NULL),(1283,96,1.076446533203125,2.369999885559082,0,1282,1,0.2000000029802322,'B7x9wTXZn3WqAWJlKX3IX','Mgux8TrlcTDRAYiFUYR7D'),(1433,118,4.664200305938721,2.501468181610107,0,NULL,68,0.2000000029802322,'NP72bjWmZJZNzLHShjQCN',NULL),(1440,118,5.408603668212891,2.538378715515137,0,1433,62,0.2440000027418137,'f-q84SVzznRlEUgaK1F6s','NP72bjWmZJZNzLHShjQCN'),(1441,118,-1,-1,-1,1433,182,-1,'hk5M1zqTmGwVBcBFem8Q_','NP72bjWmZJZNzLHShjQCN'),(1445,120,4.642999649047852,2.625,0,NULL,70,0.2000000029802322,'vMMNdl9AFRVLa4YRp-lw5',NULL),(1446,120,5.387402534484863,2.623465061187744,0,1445,37,0.2440000027418137,'ZzhjEFsAonikVh6G2W9KX','vMMNdl9AFRVLa4YRp-lw5'),(1447,120,8.277402877807617,2.623465061187744,0,1445,64,0.2440000027418137,'AsTUYnEH7CeWZwdoAgmJw','vMMNdl9AFRVLa4YRp-lw5'),(1448,120,-1,-1,-1,1445,182,-1,'Cyqm26XLaF1uSGRASWGws','vMMNdl9AFRVLa4YRp-lw5'),(1556,94,5.502449512481689,2.420084953308105,0,1257,62,0.2440000027418137,'DEDr2suvtbqakrD2iNWgp','AujoeAh8_k12as0BldZb5'),(1564,176,1.546199917793274,2.519064426422119,0,NULL,43,0.2000000029802322,'VZjagYFRewEKqMl9KK2Z-',NULL),(1565,176,-1,-1,-1,1564,182,-1,'HGdpZT6Tz2sQ3lCDjKaiq','VZjagYFRewEKqMl9KK2Z-'),(1569,177,3.070199489593506,2.514884948730469,0,NULL,56,0.2000000029802322,'KXMnUVSxWcUVoT0GCsxKC',NULL),(1571,177,-1,-1,-1,1569,182,-1,'_xIK-Eqku2sQK1Jw-Pown','KXMnUVSxWcUVoT0GCsxKC'),(1573,177,5.210199356079102,2.32488489151001,0,1569,35,0.2440000027418137,'Rs4auCnZ_JHyKiOqE2-7-','KXMnUVSxWcUVoT0GCsxKC'),(1575,177,5.210199356079102,2.3218674659729,0,1569,62,0.2440000027418137,'UBqbbjJf9Wk3Lj-aj_RoQ','KXMnUVSxWcUVoT0GCsxKC'),(1576,178,3.446199417114258,2.750107288360596,0,NULL,58,0.2000000029802322,'mI5ATCceqE3NQlbOomzXC',NULL),(1577,178,5.586199760437012,2.560107231140137,0,1576,37,0.2440000027418137,'V9w9gSeT2IpIv1Kj7mgH1','mI5ATCceqE3NQlbOomzXC'),(1578,178,-1,-1,-1,1576,182,-1,'pr_roH403BhCqkEg7td3B','mI5ATCceqE3NQlbOomzXC'),(1602,184,1.536199927330017,2.634792566299438,0,NULL,41,0.2000000029802322,'YFiCawUOzqmRW8LZx3HEm',NULL),(1603,184,-1,-1,-1,1602,182,-1,'TKI5v8kntkh9i__hLpkio','YFiCawUOzqmRW8LZx3HEm'),(1608,185,2.689200162887573,2.565490245819092,0,NULL,55,0.2000000029802322,'gmd_9wXvnEBKsXH-HeXk1',NULL),(1609,185,4.321200370788574,2.324490308761597,0,1608,64,0.2440000027418137,'L4gm_z_T_WCaqwm0ZR4r5','gmd_9wXvnEBKsXH-HeXk1'),(1610,185,-1,-1,-1,1608,182,-1,'QkI6q8FazvDEt1r4lwZhI','gmd_9wXvnEBKsXH-HeXk1');
/*!40000 ALTER TABLE `ProjectModule` ENABLE KEYS */;
UNLOCK TABLES;

--
-- Table structure for table `Session`
--

DROP TABLE IF EXISTS `Session`;
/*!40101 SET @saved_cs_client     = @@character_set_client */;
/*!50503 SET character_set_client = utf8mb4 */;
CREATE TABLE `Session` (
  `id` int NOT NULL AUTO_INCREMENT,
  `userId` int NOT NULL,
  `token` varchar(191) CHARACTER SET utf8mb4 COLLATE utf8mb4_unicode_ci NOT NULL,
  PRIMARY KEY (`id`),
  KEY `userId` (`userId`),
  CONSTRAINT `Session_ibfk_1` FOREIGN KEY (`userId`) REFERENCES `User` (`id`) ON DELETE CASCADE ON UPDATE CASCADE
) ENGINE=InnoDB AUTO_INCREMENT=111 DEFAULT CHARSET=utf8mb4 COLLATE=utf8mb4_unicode_ci;
/*!40101 SET character_set_client = @saved_cs_client */;

--
-- Dumping data for table `Session`
--

LOCK TABLES `Session` WRITE;
/*!40000 ALTER TABLE `Session` DISABLE KEYS */;
INSERT INTO `Session` VALUES (1,1,'0eac8ad6d382f823e9ffe4fca7b5f68372713f2ee749d871d837b9d6d5c0993d2f7e5141fb075f12ee7c0e65060dc22b3b80939556cd2ddcd0e5ccfa85e46573'),(2,2,'25f6c456f9bdfa0f68497ff383623b32258b80d2bf6da40573434a67292d4fda651fa86ce6716535beeb6b295cf7fab698824a8cab71e242e0d0fa190e49be93'),(3,1,'0eac8ad6d382f823e9ffe4fca7b5f68372713f2ee749d871d837b9d6d5c0993d2f7e5141fb075f12ee7c0e65060dc22b3b80939556cd2ddcd0e5ccfa85e46573'),(4,1,'0eac8ad6d382f823e9ffe4fca7b5f68372713f2ee749d871d837b9d6d5c0993d2f7e5141fb075f12ee7c0e65060dc22b3b80939556cd2ddcd0e5ccfa85e46573'),(5,1,'0eac8ad6d382f823e9ffe4fca7b5f68372713f2ee749d871d837b9d6d5c0993d2f7e5141fb075f12ee7c0e65060dc22b3b80939556cd2ddcd0e5ccfa85e46573'),(6,1,'0eac8ad6d382f823e9ffe4fca7b5f68372713f2ee749d871d837b9d6d5c0993d2f7e5141fb075f12ee7c0e65060dc22b3b80939556cd2ddcd0e5ccfa85e46573'),(7,1,'0eac8ad6d382f823e9ffe4fca7b5f68372713f2ee749d871d837b9d6d5c0993d2f7e5141fb075f12ee7c0e65060dc22b3b80939556cd2ddcd0e5ccfa85e46573'),(8,1,'0eac8ad6d382f823e9ffe4fca7b5f68372713f2ee749d871d837b9d6d5c0993d2f7e5141fb075f12ee7c0e65060dc22b3b80939556cd2ddcd0e5ccfa85e46573'),(9,1,'0eac8ad6d382f823e9ffe4fca7b5f68372713f2ee749d871d837b9d6d5c0993d2f7e5141fb075f12ee7c0e65060dc22b3b80939556cd2ddcd0e5ccfa85e46573'),(10,1,'0eac8ad6d382f823e9ffe4fca7b5f68372713f2ee749d871d837b9d6d5c0993d2f7e5141fb075f12ee7c0e65060dc22b3b80939556cd2ddcd0e5ccfa85e46573'),(11,1,'0eac8ad6d382f823e9ffe4fca7b5f68372713f2ee749d871d837b9d6d5c0993d2f7e5141fb075f12ee7c0e65060dc22b3b80939556cd2ddcd0e5ccfa85e46573'),(12,1,'0eac8ad6d382f823e9ffe4fca7b5f68372713f2ee749d871d837b9d6d5c0993d2f7e5141fb075f12ee7c0e65060dc22b3b80939556cd2ddcd0e5ccfa85e46573'),(13,1,'0eac8ad6d382f823e9ffe4fca7b5f68372713f2ee749d871d837b9d6d5c0993d2f7e5141fb075f12ee7c0e65060dc22b3b80939556cd2ddcd0e5ccfa85e46573'),(14,1,'0eac8ad6d382f823e9ffe4fca7b5f68372713f2ee749d871d837b9d6d5c0993d2f7e5141fb075f12ee7c0e65060dc22b3b80939556cd2ddcd0e5ccfa85e46573'),(15,1,'0eac8ad6d382f823e9ffe4fca7b5f68372713f2ee749d871d837b9d6d5c0993d2f7e5141fb075f12ee7c0e65060dc22b3b80939556cd2ddcd0e5ccfa85e46573'),(16,1,'0eac8ad6d382f823e9ffe4fca7b5f68372713f2ee749d871d837b9d6d5c0993d2f7e5141fb075f12ee7c0e65060dc22b3b80939556cd2ddcd0e5ccfa85e46573'),(17,1,'0eac8ad6d382f823e9ffe4fca7b5f68372713f2ee749d871d837b9d6d5c0993d2f7e5141fb075f12ee7c0e65060dc22b3b80939556cd2ddcd0e5ccfa85e46573'),(18,1,'0eac8ad6d382f823e9ffe4fca7b5f68372713f2ee749d871d837b9d6d5c0993d2f7e5141fb075f12ee7c0e65060dc22b3b80939556cd2ddcd0e5ccfa85e46573'),(19,1,'0eac8ad6d382f823e9ffe4fca7b5f68372713f2ee749d871d837b9d6d5c0993d2f7e5141fb075f12ee7c0e65060dc22b3b80939556cd2ddcd0e5ccfa85e46573'),(20,1,'0eac8ad6d382f823e9ffe4fca7b5f68372713f2ee749d871d837b9d6d5c0993d2f7e5141fb075f12ee7c0e65060dc22b3b80939556cd2ddcd0e5ccfa85e46573'),(21,1,'0eac8ad6d382f823e9ffe4fca7b5f68372713f2ee749d871d837b9d6d5c0993d2f7e5141fb075f12ee7c0e65060dc22b3b80939556cd2ddcd0e5ccfa85e46573'),(22,1,'0eac8ad6d382f823e9ffe4fca7b5f68372713f2ee749d871d837b9d6d5c0993d2f7e5141fb075f12ee7c0e65060dc22b3b80939556cd2ddcd0e5ccfa85e46573'),(23,1,'0eac8ad6d382f823e9ffe4fca7b5f68372713f2ee749d871d837b9d6d5c0993d2f7e5141fb075f12ee7c0e65060dc22b3b80939556cd2ddcd0e5ccfa85e46573'),(24,1,'0eac8ad6d382f823e9ffe4fca7b5f68372713f2ee749d871d837b9d6d5c0993d2f7e5141fb075f12ee7c0e65060dc22b3b80939556cd2ddcd0e5ccfa85e46573'),(25,1,'0eac8ad6d382f823e9ffe4fca7b5f68372713f2ee749d871d837b9d6d5c0993d2f7e5141fb075f12ee7c0e65060dc22b3b80939556cd2ddcd0e5ccfa85e46573'),(26,1,'0eac8ad6d382f823e9ffe4fca7b5f68372713f2ee749d871d837b9d6d5c0993d2f7e5141fb075f12ee7c0e65060dc22b3b80939556cd2ddcd0e5ccfa85e46573'),(27,1,'0eac8ad6d382f823e9ffe4fca7b5f68372713f2ee749d871d837b9d6d5c0993d2f7e5141fb075f12ee7c0e65060dc22b3b80939556cd2ddcd0e5ccfa85e46573'),(28,1,'0eac8ad6d382f823e9ffe4fca7b5f68372713f2ee749d871d837b9d6d5c0993d2f7e5141fb075f12ee7c0e65060dc22b3b80939556cd2ddcd0e5ccfa85e46573'),(29,1,'0eac8ad6d382f823e9ffe4fca7b5f68372713f2ee749d871d837b9d6d5c0993d2f7e5141fb075f12ee7c0e65060dc22b3b80939556cd2ddcd0e5ccfa85e46573'),(30,1,'0eac8ad6d382f823e9ffe4fca7b5f68372713f2ee749d871d837b9d6d5c0993d2f7e5141fb075f12ee7c0e65060dc22b3b80939556cd2ddcd0e5ccfa85e46573'),(31,1,'0eac8ad6d382f823e9ffe4fca7b5f68372713f2ee749d871d837b9d6d5c0993d2f7e5141fb075f12ee7c0e65060dc22b3b80939556cd2ddcd0e5ccfa85e46573'),(32,1,'0eac8ad6d382f823e9ffe4fca7b5f68372713f2ee749d871d837b9d6d5c0993d2f7e5141fb075f12ee7c0e65060dc22b3b80939556cd2ddcd0e5ccfa85e46573'),(33,1,'0eac8ad6d382f823e9ffe4fca7b5f68372713f2ee749d871d837b9d6d5c0993d2f7e5141fb075f12ee7c0e65060dc22b3b80939556cd2ddcd0e5ccfa85e46573'),(34,1,'0eac8ad6d382f823e9ffe4fca7b5f68372713f2ee749d871d837b9d6d5c0993d2f7e5141fb075f12ee7c0e65060dc22b3b80939556cd2ddcd0e5ccfa85e46573'),(35,1,'0eac8ad6d382f823e9ffe4fca7b5f68372713f2ee749d871d837b9d6d5c0993d2f7e5141fb075f12ee7c0e65060dc22b3b80939556cd2ddcd0e5ccfa85e46573'),(36,1,'0eac8ad6d382f823e9ffe4fca7b5f68372713f2ee749d871d837b9d6d5c0993d2f7e5141fb075f12ee7c0e65060dc22b3b80939556cd2ddcd0e5ccfa85e46573'),(37,1,'0eac8ad6d382f823e9ffe4fca7b5f68372713f2ee749d871d837b9d6d5c0993d2f7e5141fb075f12ee7c0e65060dc22b3b80939556cd2ddcd0e5ccfa85e46573'),(38,1,'0eac8ad6d382f823e9ffe4fca7b5f68372713f2ee749d871d837b9d6d5c0993d2f7e5141fb075f12ee7c0e65060dc22b3b80939556cd2ddcd0e5ccfa85e46573'),(39,1,'0eac8ad6d382f823e9ffe4fca7b5f68372713f2ee749d871d837b9d6d5c0993d2f7e5141fb075f12ee7c0e65060dc22b3b80939556cd2ddcd0e5ccfa85e46573'),(40,1,'0eac8ad6d382f823e9ffe4fca7b5f68372713f2ee749d871d837b9d6d5c0993d2f7e5141fb075f12ee7c0e65060dc22b3b80939556cd2ddcd0e5ccfa85e46573'),(41,1,'0eac8ad6d382f823e9ffe4fca7b5f68372713f2ee749d871d837b9d6d5c0993d2f7e5141fb075f12ee7c0e65060dc22b3b80939556cd2ddcd0e5ccfa85e46573'),(42,1,'0eac8ad6d382f823e9ffe4fca7b5f68372713f2ee749d871d837b9d6d5c0993d2f7e5141fb075f12ee7c0e65060dc22b3b80939556cd2ddcd0e5ccfa85e46573'),(43,1,'0eac8ad6d382f823e9ffe4fca7b5f68372713f2ee749d871d837b9d6d5c0993d2f7e5141fb075f12ee7c0e65060dc22b3b80939556cd2ddcd0e5ccfa85e46573'),(44,1,'0eac8ad6d382f823e9ffe4fca7b5f68372713f2ee749d871d837b9d6d5c0993d2f7e5141fb075f12ee7c0e65060dc22b3b80939556cd2ddcd0e5ccfa85e46573'),(45,1,'0eac8ad6d382f823e9ffe4fca7b5f68372713f2ee749d871d837b9d6d5c0993d2f7e5141fb075f12ee7c0e65060dc22b3b80939556cd2ddcd0e5ccfa85e46573'),(46,1,'0eac8ad6d382f823e9ffe4fca7b5f68372713f2ee749d871d837b9d6d5c0993d2f7e5141fb075f12ee7c0e65060dc22b3b80939556cd2ddcd0e5ccfa85e46573'),(47,1,'0eac8ad6d382f823e9ffe4fca7b5f68372713f2ee749d871d837b9d6d5c0993d2f7e5141fb075f12ee7c0e65060dc22b3b80939556cd2ddcd0e5ccfa85e46573'),(48,1,'0eac8ad6d382f823e9ffe4fca7b5f68372713f2ee749d871d837b9d6d5c0993d2f7e5141fb075f12ee7c0e65060dc22b3b80939556cd2ddcd0e5ccfa85e46573'),(49,1,'0eac8ad6d382f823e9ffe4fca7b5f68372713f2ee749d871d837b9d6d5c0993d2f7e5141fb075f12ee7c0e65060dc22b3b80939556cd2ddcd0e5ccfa85e46573'),(50,1,'0eac8ad6d382f823e9ffe4fca7b5f68372713f2ee749d871d837b9d6d5c0993d2f7e5141fb075f12ee7c0e65060dc22b3b80939556cd2ddcd0e5ccfa85e46573'),(51,1,'0eac8ad6d382f823e9ffe4fca7b5f68372713f2ee749d871d837b9d6d5c0993d2f7e5141fb075f12ee7c0e65060dc22b3b80939556cd2ddcd0e5ccfa85e46573'),(52,1,'0eac8ad6d382f823e9ffe4fca7b5f68372713f2ee749d871d837b9d6d5c0993d2f7e5141fb075f12ee7c0e65060dc22b3b80939556cd2ddcd0e5ccfa85e46573'),(53,1,'0eac8ad6d382f823e9ffe4fca7b5f68372713f2ee749d871d837b9d6d5c0993d2f7e5141fb075f12ee7c0e65060dc22b3b80939556cd2ddcd0e5ccfa85e46573'),(54,1,'0eac8ad6d382f823e9ffe4fca7b5f68372713f2ee749d871d837b9d6d5c0993d2f7e5141fb075f12ee7c0e65060dc22b3b80939556cd2ddcd0e5ccfa85e46573'),(55,1,'0eac8ad6d382f823e9ffe4fca7b5f68372713f2ee749d871d837b9d6d5c0993d2f7e5141fb075f12ee7c0e65060dc22b3b80939556cd2ddcd0e5ccfa85e46573'),(56,1,'0eac8ad6d382f823e9ffe4fca7b5f68372713f2ee749d871d837b9d6d5c0993d2f7e5141fb075f12ee7c0e65060dc22b3b80939556cd2ddcd0e5ccfa85e46573'),(57,1,'0eac8ad6d382f823e9ffe4fca7b5f68372713f2ee749d871d837b9d6d5c0993d2f7e5141fb075f12ee7c0e65060dc22b3b80939556cd2ddcd0e5ccfa85e46573'),(58,1,'0eac8ad6d382f823e9ffe4fca7b5f68372713f2ee749d871d837b9d6d5c0993d2f7e5141fb075f12ee7c0e65060dc22b3b80939556cd2ddcd0e5ccfa85e46573'),(59,1,'0eac8ad6d382f823e9ffe4fca7b5f68372713f2ee749d871d837b9d6d5c0993d2f7e5141fb075f12ee7c0e65060dc22b3b80939556cd2ddcd0e5ccfa85e46573'),(60,1,'0eac8ad6d382f823e9ffe4fca7b5f68372713f2ee749d871d837b9d6d5c0993d2f7e5141fb075f12ee7c0e65060dc22b3b80939556cd2ddcd0e5ccfa85e46573'),(61,1,'0eac8ad6d382f823e9ffe4fca7b5f68372713f2ee749d871d837b9d6d5c0993d2f7e5141fb075f12ee7c0e65060dc22b3b80939556cd2ddcd0e5ccfa85e46573'),(62,1,'0eac8ad6d382f823e9ffe4fca7b5f68372713f2ee749d871d837b9d6d5c0993d2f7e5141fb075f12ee7c0e65060dc22b3b80939556cd2ddcd0e5ccfa85e46573'),(63,1,'0eac8ad6d382f823e9ffe4fca7b5f68372713f2ee749d871d837b9d6d5c0993d2f7e5141fb075f12ee7c0e65060dc22b3b80939556cd2ddcd0e5ccfa85e46573'),(64,1,'0eac8ad6d382f823e9ffe4fca7b5f68372713f2ee749d871d837b9d6d5c0993d2f7e5141fb075f12ee7c0e65060dc22b3b80939556cd2ddcd0e5ccfa85e46573'),(65,1,'0eac8ad6d382f823e9ffe4fca7b5f68372713f2ee749d871d837b9d6d5c0993d2f7e5141fb075f12ee7c0e65060dc22b3b80939556cd2ddcd0e5ccfa85e46573'),(66,1,'0eac8ad6d382f823e9ffe4fca7b5f68372713f2ee749d871d837b9d6d5c0993d2f7e5141fb075f12ee7c0e65060dc22b3b80939556cd2ddcd0e5ccfa85e46573'),(67,1,'0eac8ad6d382f823e9ffe4fca7b5f68372713f2ee749d871d837b9d6d5c0993d2f7e5141fb075f12ee7c0e65060dc22b3b80939556cd2ddcd0e5ccfa85e46573'),(68,1,'0eac8ad6d382f823e9ffe4fca7b5f68372713f2ee749d871d837b9d6d5c0993d2f7e5141fb075f12ee7c0e65060dc22b3b80939556cd2ddcd0e5ccfa85e46573'),(69,1,'0eac8ad6d382f823e9ffe4fca7b5f68372713f2ee749d871d837b9d6d5c0993d2f7e5141fb075f12ee7c0e65060dc22b3b80939556cd2ddcd0e5ccfa85e46573'),(70,1,'0eac8ad6d382f823e9ffe4fca7b5f68372713f2ee749d871d837b9d6d5c0993d2f7e5141fb075f12ee7c0e65060dc22b3b80939556cd2ddcd0e5ccfa85e46573'),(71,1,'0eac8ad6d382f823e9ffe4fca7b5f68372713f2ee749d871d837b9d6d5c0993d2f7e5141fb075f12ee7c0e65060dc22b3b80939556cd2ddcd0e5ccfa85e46573'),(72,1,'0eac8ad6d382f823e9ffe4fca7b5f68372713f2ee749d871d837b9d6d5c0993d2f7e5141fb075f12ee7c0e65060dc22b3b80939556cd2ddcd0e5ccfa85e46573'),(73,1,'0eac8ad6d382f823e9ffe4fca7b5f68372713f2ee749d871d837b9d6d5c0993d2f7e5141fb075f12ee7c0e65060dc22b3b80939556cd2ddcd0e5ccfa85e46573'),(74,1,'0eac8ad6d382f823e9ffe4fca7b5f68372713f2ee749d871d837b9d6d5c0993d2f7e5141fb075f12ee7c0e65060dc22b3b80939556cd2ddcd0e5ccfa85e46573'),(75,1,'0eac8ad6d382f823e9ffe4fca7b5f68372713f2ee749d871d837b9d6d5c0993d2f7e5141fb075f12ee7c0e65060dc22b3b80939556cd2ddcd0e5ccfa85e46573'),(76,1,'0eac8ad6d382f823e9ffe4fca7b5f68372713f2ee749d871d837b9d6d5c0993d2f7e5141fb075f12ee7c0e65060dc22b3b80939556cd2ddcd0e5ccfa85e46573'),(77,1,'0eac8ad6d382f823e9ffe4fca7b5f68372713f2ee749d871d837b9d6d5c0993d2f7e5141fb075f12ee7c0e65060dc22b3b80939556cd2ddcd0e5ccfa85e46573'),(78,1,'7a93b693d861f4aa1634cd31fd150cb936f67512f37bed1190a6712880a1c334f8fd88d0662c8985225bba2d176292e4bce36bcfa1b022a7325e8c0d942800fc'),(79,3,'daaad3f7af5475f22c1a01845330ca7731d7385383be3fc4370fea732e76c1d4224c59f04c58611ed78e7f1d912fce2ecd25ac5d0bc730683f839019f1f5faa8'),(80,1,'7a93b693d861f4aa1634cd31fd150cb936f67512f37bed1190a6712880a1c334f8fd88d0662c8985225bba2d176292e4bce36bcfa1b022a7325e8c0d942800fc'),(81,1,'7a93b693d861f4aa1634cd31fd150cb936f67512f37bed1190a6712880a1c334f8fd88d0662c8985225bba2d176292e4bce36bcfa1b022a7325e8c0d942800fc'),(82,1,'7a93b693d861f4aa1634cd31fd150cb936f67512f37bed1190a6712880a1c334f8fd88d0662c8985225bba2d176292e4bce36bcfa1b022a7325e8c0d942800fc'),(83,1,'7a93b693d861f4aa1634cd31fd150cb936f67512f37bed1190a6712880a1c334f8fd88d0662c8985225bba2d176292e4bce36bcfa1b022a7325e8c0d942800fc'),(84,1,'7a93b693d861f4aa1634cd31fd150cb936f67512f37bed1190a6712880a1c334f8fd88d0662c8985225bba2d176292e4bce36bcfa1b022a7325e8c0d942800fc'),(85,4,'3f715ec6b07c254c3f815e6c429428c8db927272708bf2b1ffb52f3d3f709bcad26e6af9fdfb55b697224feac596d7bc05d774e504e21719d974274ada341210'),(86,5,'edaa41eebdd20da4d3506eab88a71168d2e278ad3575fb48f9ad3484bdd00f8317982a28bfa58dda935350dadb37b341640753f5a7c7a457892d466ae51e4592'),(87,1,'7a93b693d861f4aa1634cd31fd150cb936f67512f37bed1190a6712880a1c334f8fd88d0662c8985225bba2d176292e4bce36bcfa1b022a7325e8c0d942800fc'),(88,5,'edaa41eebdd20da4d3506eab88a71168d2e278ad3575fb48f9ad3484bdd00f8317982a28bfa58dda935350dadb37b341640753f5a7c7a457892d466ae51e4592'),(89,5,'edaa41eebdd20da4d3506eab88a71168d2e278ad3575fb48f9ad3484bdd00f8317982a28bfa58dda935350dadb37b341640753f5a7c7a457892d466ae51e4592'),(90,1,'7a93b693d861f4aa1634cd31fd150cb936f67512f37bed1190a6712880a1c334f8fd88d0662c8985225bba2d176292e4bce36bcfa1b022a7325e8c0d942800fc'),(91,1,'7a93b693d861f4aa1634cd31fd150cb936f67512f37bed1190a6712880a1c334f8fd88d0662c8985225bba2d176292e4bce36bcfa1b022a7325e8c0d942800fc'),(92,1,'7a93b693d861f4aa1634cd31fd150cb936f67512f37bed1190a6712880a1c334f8fd88d0662c8985225bba2d176292e4bce36bcfa1b022a7325e8c0d942800fc'),(93,5,'edaa41eebdd20da4d3506eab88a71168d2e278ad3575fb48f9ad3484bdd00f8317982a28bfa58dda935350dadb37b341640753f5a7c7a457892d466ae51e4592'),(94,1,'7a93b693d861f4aa1634cd31fd150cb936f67512f37bed1190a6712880a1c334f8fd88d0662c8985225bba2d176292e4bce36bcfa1b022a7325e8c0d942800fc'),(95,1,'7a93b693d861f4aa1634cd31fd150cb936f67512f37bed1190a6712880a1c334f8fd88d0662c8985225bba2d176292e4bce36bcfa1b022a7325e8c0d942800fc'),(96,1,'7a93b693d861f4aa1634cd31fd150cb936f67512f37bed1190a6712880a1c334f8fd88d0662c8985225bba2d176292e4bce36bcfa1b022a7325e8c0d942800fc'),(97,1,'7a93b693d861f4aa1634cd31fd150cb936f67512f37bed1190a6712880a1c334f8fd88d0662c8985225bba2d176292e4bce36bcfa1b022a7325e8c0d942800fc'),(98,1,'7a93b693d861f4aa1634cd31fd150cb936f67512f37bed1190a6712880a1c334f8fd88d0662c8985225bba2d176292e4bce36bcfa1b022a7325e8c0d942800fc'),(99,6,'a2a268aee36fc984817c4a8ba4fd8a9ad5bc6a3dc284cff9300a06692c868f4c141a0372d87d98662e737cf7fa8c2e54e007d3d0ebb5da59a7c5fecd10b8484c'),(100,2,'8744e57ae3f619b89d601bff2f071c4cf1240a1c02db13c2486908f765022adefda56cbc5903e40f4c72b2eac5c10c388ed96c1d068bb5379634239aeb708b86'),(101,1,'7a93b693d861f4aa1634cd31fd150cb936f67512f37bed1190a6712880a1c334f8fd88d0662c8985225bba2d176292e4bce36bcfa1b022a7325e8c0d942800fc'),(102,1,'7a93b693d861f4aa1634cd31fd150cb936f67512f37bed1190a6712880a1c334f8fd88d0662c8985225bba2d176292e4bce36bcfa1b022a7325e8c0d942800fc'),(103,1,'7a93b693d861f4aa1634cd31fd150cb936f67512f37bed1190a6712880a1c334f8fd88d0662c8985225bba2d176292e4bce36bcfa1b022a7325e8c0d942800fc'),(104,6,'a2a268aee36fc984817c4a8ba4fd8a9ad5bc6a3dc284cff9300a06692c868f4c141a0372d87d98662e737cf7fa8c2e54e007d3d0ebb5da59a7c5fecd10b8484c'),(105,6,'a2a268aee36fc984817c4a8ba4fd8a9ad5bc6a3dc284cff9300a06692c868f4c141a0372d87d98662e737cf7fa8c2e54e007d3d0ebb5da59a7c5fecd10b8484c'),(106,5,'edaa41eebdd20da4d3506eab88a71168d2e278ad3575fb48f9ad3484bdd00f8317982a28bfa58dda935350dadb37b341640753f5a7c7a457892d466ae51e4592'),(107,1,'7a93b693d861f4aa1634cd31fd150cb936f67512f37bed1190a6712880a1c334f8fd88d0662c8985225bba2d176292e4bce36bcfa1b022a7325e8c0d942800fc'),(108,1,'7a93b693d861f4aa1634cd31fd150cb936f67512f37bed1190a6712880a1c334f8fd88d0662c8985225bba2d176292e4bce36bcfa1b022a7325e8c0d942800fc'),(109,1,'7a93b693d861f4aa1634cd31fd150cb936f67512f37bed1190a6712880a1c334f8fd88d0662c8985225bba2d176292e4bce36bcfa1b022a7325e8c0d942800fc'),(110,6,'a2a268aee36fc984817c4a8ba4fd8a9ad5bc6a3dc284cff9300a06692c868f4c141a0372d87d98662e737cf7fa8c2e54e007d3d0ebb5da59a7c5fecd10b8484c');
/*!40000 ALTER TABLE `Session` ENABLE KEYS */;
UNLOCK TABLES;

--
-- Table structure for table `Slide`
--

DROP TABLE IF EXISTS `Slide`;
/*!40101 SET @saved_cs_client     = @@character_set_client */;
/*!50503 SET character_set_client = utf8mb4 */;
CREATE TABLE `Slide` (
  `id` int NOT NULL AUTO_INCREMENT,
  `formula` varchar(255) CHARACTER SET utf8mb4 COLLATE utf8mb4_unicode_ci NOT NULL,
  `supplierId` int NOT NULL,
  `slug` varchar(191) CHARACTER SET utf8mb4 COLLATE utf8mb4_unicode_ci NOT NULL,
  `product` varchar(255) CHARACTER SET utf8mb4 COLLATE utf8mb4_unicode_ci NOT NULL,
  `collectionId` int NOT NULL,
  PRIMARY KEY (`id`),
  UNIQUE KEY `Slide.slug_unique` (`slug`),
  KEY `supplierId` (`supplierId`),
  KEY `collectionId` (`collectionId`),
  CONSTRAINT `Slide_ibfk_1` FOREIGN KEY (`supplierId`) REFERENCES `SlideSupplier` (`id`) ON DELETE CASCADE ON UPDATE CASCADE,
  CONSTRAINT `Slide_ibfk_2` FOREIGN KEY (`collectionId`) REFERENCES `Collection` (`id`) ON DELETE CASCADE ON UPDATE CASCADE
) ENGINE=InnoDB AUTO_INCREMENT=58 DEFAULT CHARSET=utf8mb4 COLLATE=utf8mb4_unicode_ci;
/*!40101 SET character_set_client = @saved_cs_client */;

--
-- Dumping data for table `Slide`
--

LOCK TABLES `Slide` WRITE;
/*!40000 ALTER TABLE `Slide` DISABLE KEYS */;
INSERT INTO `Slide` VALUES (1,'{width} - 2 * {gable} - 2 * 13 -2 * 12.7',1,'ballbearing-12-box-12-imprint','Slide 1/2\" side spacing with box made from 1/2\" material',2),(2,'{width} - 2 * {gable} - 2 * 13 -2 * 15.875',1,'ballbearing-12-box-58-imprint','Slide 1/2\" side spacing with box made from 5/8\" material',2),(3,'{width} - 2 * {gable} - 2 * 20.5',2,'blum-legrabox-imprint','Legrabox',2),(4,'{width} - 2 * {gable} - 80 + 2 * 10',2,'blum-tandembox-imprint','Tandembox',2),(5,'{width} - 2 * {gable} - 2 * 21',3,'dtc-ds10ts10-imprint','DS10/TS10',2),(6,'{width} - 2 * {gable} - 97 + 2 * 10',3,'dtc-infinity-imprint','Infinity',2),(7,'{width} - 2 * {gable} - 40',3,'dtc-legacy-endura-imprint','Legacy Endura',2),(8,'{width} - 2 * {gable} - 40',3,'dtc-legacy-prima-imprint','Legacy Prima',2),(9,'{width} - 2 * {gable} - 2 * 15.5',3,'dtc-metal-box-imprint','Metal box',2),(10,'{width} - 2 * {gable} - 2 * 20.5',4,'king-slide-simlead-dw-imprint','Simlead Double Wall',2),(11,'{width} - 2 * {gable} - 42.75',4,'king-slide-simlead-undermount-imprint','Simlead undermount',2),(12,'{width} - 2 * {gable} - 80 + 2 * 10',5,'others-908-imprint','908',2),(13,'{width} - 2 * {gable} - 42',5,'others-optimiz-r-imprint','Optimiz-R',2),(14,'{width} - 2 * {gable} - 2 * 13 - 2 * 12.7',1,'ballbearing-12-box-12-area','Slide 1/2\" side spacing with box made from 1/2\" material',1),(15,'{width} - 2 * {gable} - 2 * 13 - 2 * 15.875',1,'ballbearing-12-box-58-area','Slide 1/2\" side spacing with box made from 5/8\" material',1),(16,'{width} - 2 * {gable} - 2 * 20.5',2,'blum-legrabox-area','Legrabox',1),(17,'{width} - 2 * {gable} - 48',2,'blum-tandembox-area','Tandembox',1),(18,'{width} - 2 * {gable} - 2 * 21',3,'dtc-ds10ts10-area','DS10/TS10',1),(19,'{width} - 2 * {gable} - 97 + 2 * 18',3,'dtc-infinity-area','Infinity',1),(20,'{width} - 2 * {gable} - 40',3,'dtc-legacy-endura-area','Legacy Endura',1),(21,'{width} - 2 * {gable} - 40',3,'dtc-legacy-prima-area','Legacy Prima',1),(22,'{width} - 2 * {gable} - 2 * 15.5',3,'dtc-metal-box-area','Metal box',1),(23,'{width} - 2 * {gable} - 2 * 20.5',4,'king-slide-simlead-dw-area','Simlead DW',1),(24,'{width} - 2 * {gable} - 42.75',4,'king-slide-simlead-undermount-area','Simlead undermount',1),(25,'{width} - 2 * {gable} - 80 + 2 * 18',5,'others-908-area','908',1),(26,'{width} - 2 * {gable} - 42',5,'others-optimiz-r-area','Optimiz-R',1),(27,'{width} - 2 * {gable} - 2 * 13 - 2 * 12.7',1,'ballbearing-12-box-12-autograph','Slide 1/2\" side spacing with box made from 1/2\" material',3),(28,'{width} - 2 * {gable} - 2 * 13 - 2 * 15.875',1,'ballbearing-12-box-58-autograph','Slide 1/2\" side spacing with box made from 5/8\" material',3),(29,'{width} - 2 * {gable} - 2 * 20.5',2,'blum-legrabox-autograph','Legrabox',3),(30,'{width} - 2 * {gable} - 80',2,'blum-tandembox-autograph','Tandembox',3),(31,'{width} - 2 * {gable} - 2 * 21',3,'dtc-ds10ts10-autograph','DS10/TS10',3),(32,'{width} - 2 * {gable} - 97',3,'dtc-infinity-autograph','Infinity',3),(33,'{width} - 2 * {gable} - 40',3,'dtc-legacy-endura-autograph','Legacy Endura',3),(34,'{width} - 2 * {gable} - 40',3,'dtc-legacy-prima-autograph','Legacy Prima',3),(35,'{width} - 2 * {gable} - 2 * 15.5',3,'dtc-metal-box-autograph','Metal box',3),(36,'{width} - 2 * {gable} - 2 * 20.5',4,'king-slide-simlead-dw-autograph','Simlead Double Wall',3),(37,'{width} - 2 * {gable} - 42.75',4,'king-slide-simlead-undermount-autograph','Simlead undermount',3),(38,'{width} - 2 * {gable} - 80',5,'others-908-autograph','908',3),(39,'{width} - 2 * {gable} - 42',5,'others-optimiz-r-autograph','Optimiz-R',3),(40,'{width} - 2 * {gable} - 42',2,'blum-movento-imprint','Movento',2),(41,'{width} - 2 * {gable} - 42 - 2 * 15.875',2,'blum-tandem-58-imprint','Tandem 5/8\" side',2),(42,'{width} - 2 * {gable} - 42 - 2 * 12.7',2,'blum-tandem-12-imprint','Tandem 1/2\" side',2),(43,'{width} - 2 * {gable} - 42',2,'blum-movento-area','Movento',1),(44,'{width} - 2 * {gable} - 42 - 2 * 15.875',2,'blum-tandem-58-area','Tandem 5/8\" side',1),(45,'{width} - 2 * {gable} - 42 - 2 * 12.7',2,'blum-tandem-12-area','Tandem 1/2\" side',1),(46,'{width} - 2 * {gable} - 42',2,'blum-movento-autograph','Movento',3),(47,'{width} - 2 * {gable} - 42 - 2 * 15.875',2,'blum-tandem-58-autograph','Tandem 5/8\" side',3),(48,'{width} - 2 * {gable} - 42 - 2 * 12.7',2,'blum-tandem-12-autograph','Tandem 1/2\" side',3),(49,'{width} - 2 * {gable} - 2 * 29',6,'grass-novapro-scala-imprint','Novapro / Novapro Scala',2),(50,'{width} - 2 * {gable} - 42',6,'grass-dynapro-imprint','Dynapro',2),(51,'{width} - 2 * {gable} - 42',6,'grass-vionaro-imprint','Vionaro',2),(52,'{width} - 2 * {gable} - 2 * 29',6,'grass-novapro-scala-area','Novapro / Novapro Scala',1),(53,'{width} - 2 * {gable} - 42',6,'grass-dynapro-area','Dynapro',1),(54,'{width} - 2 * {gable} - 42',6,'grass-vionaro-area','Vionaro',1),(55,'{width} - 2 * {gable} - 2 * 29',6,'grass-novapro-scala-autograph','Novapro / Novapro Scala',3),(56,'{width} - 2 * {gable} - 42',6,'grass-dynapro-autograph','Dynapro',3),(57,'{width} - 2 * {gable} - 42',6,'grass-vionaro-autograph','Vionaro',3);
/*!40000 ALTER TABLE `Slide` ENABLE KEYS */;
UNLOCK TABLES;

--
-- Table structure for table `SlideDepth`
--

DROP TABLE IF EXISTS `SlideDepth`;
/*!40101 SET @saved_cs_client     = @@character_set_client */;
/*!50503 SET character_set_client = utf8mb4 */;
CREATE TABLE `SlideDepth` (
  `id` int NOT NULL AUTO_INCREMENT,
  `display` varchar(255) CHARACTER SET utf8mb4 COLLATE utf8mb4_unicode_ci NOT NULL,
  `depth` double NOT NULL,
  `slideId` int NOT NULL,
  PRIMARY KEY (`id`),
  KEY `slideId` (`slideId`),
  CONSTRAINT `SlideDepth_ibfk_1` FOREIGN KEY (`slideId`) REFERENCES `Slide` (`id`) ON DELETE CASCADE ON UPDATE CASCADE
) ENGINE=InnoDB AUTO_INCREMENT=191 DEFAULT CHARSET=utf8mb4 COLLATE=utf8mb4_unicode_ci;
/*!40101 SET character_set_client = @saved_cs_client */;

--
-- Dumping data for table `SlideDepth`
--

LOCK TABLES `SlideDepth` WRITE;
/*!40000 ALTER TABLE `SlideDepth` DISABLE KEYS */;
INSERT INTO `SlideDepth` VALUES (1,'450mm',425,1),(2,'500mm',475,1),(3,'550mm',525,1),(4,'600mm',575,1),(5,'450mm',418,2),(6,'500mm',468,2),(7,'550mm',518,2),(8,'600mm',568,2),(9,'450mm',424,3),(10,'500mm',474,3),(11,'550mm',524,3),(12,'600mm',574,3),(13,'450mm',426,4),(14,'500mm',476,4),(15,'550mm',526,4),(16,'600mm',576,4),(17,'450mm',424,5),(18,'500mm',474,5),(19,'550mm',524,5),(20,'600mm',574,5),(21,'450mm',424,6),(22,'500mm',474,6),(23,'550mm',524,6),(24,'600mm',574,6),(25,'450mm',419,7),(26,'500mm',469,7),(27,'550mm',519,7),(28,'600mm',569,7),(29,'450mm',419,8),(30,'500mm',469,8),(31,'550mm',519,8),(32,'600mm',569,8),(33,'450mm',434,9),(34,'500mm',484,9),(35,'550mm',534,9),(36,'450mm',428,10),(37,'500mm',478,10),(38,'550mm',528,10),(39,'600mm',578,10),(40,'450mm',424,11),(41,'500mm',474,11),(42,'550mm',524,11),(43,'600mm',574,11),(44,'450mm',426,12),(45,'500mm',476,12),(46,'550mm',526,12),(47,'600mm',576,12),(48,'450mm',422,13),(49,'500mm',472,13),(50,'550mm',522,13),(51,'600mm',572,13),(52,'500mm',475,14),(53,'550mm',525,14),(54,'500mm',468,15),(55,'550mm',518,15),(56,'500mm',474,16),(57,'550mm',524,16),(58,'500mm',476,17),(59,'550mm',526,17),(60,'500mm',474,18),(61,'550mm',524,18),(62,'500mm',474,19),(63,'550mm',524,19),(64,'500mm',469,20),(65,'550mm',519,20),(66,'500mm',469,21),(67,'550mm',519,21),(68,'500mm',484,22),(69,'550mm',534,22),(70,'500mm',478,23),(71,'550mm',528,23),(72,'500mm',474,24),(73,'550mm',524,24),(74,'500mm',476,25),(75,'550mm',526,25),(76,'500mm',472,26),(77,'550mm',522,26),(78,'450mm',425,27),(79,'500mm',475,27),(80,'550mm',525,27),(81,'600mm',575,27),(82,'450mm',418,28),(83,'500mm',468,28),(84,'550mm',518,28),(85,'600mm',568,28),(86,'450mm',424,29),(87,'500mm',474,29),(88,'550mm',524,29),(89,'600mm',574,29),(90,'450mm',426,30),(91,'500mm',476,30),(92,'550mm',526,30),(93,'600mm',576,30),(94,'450mm',424,31),(95,'500mm',474,31),(96,'550mm',524,31),(97,'600mm',574,31),(98,'450mm',424,32),(99,'500mm',474,32),(100,'550mm',524,32),(101,'600mm',574,32),(102,'450mm',419,33),(103,'500mm',469,33),(104,'550mm',519,33),(106,'450mm',419,34),(107,'500mm',469,34),(108,'550mm',519,34),(110,'450mm',434,35),(111,'500mm',484,35),(112,'550mm',534,35),(113,'450mm',428,36),(114,'500mm',478,36),(115,'550mm',528,36),(116,'600mm',578,36),(117,'450mm',424,37),(118,'500mm',474,37),(119,'550mm',524,37),(120,'600mm',574,37),(121,'450mm',426,38),(122,'500mm',476,38),(123,'550mm',526,38),(124,'600mm',576,38),(125,'450mm',422,39),(126,'500mm',472,39),(127,'550mm',522,39),(128,'600mm',572,39),(131,'450mm',424,40),(132,'500mm',474,40),(133,'550mm',524,40),(134,'600mm',574,40),(135,'450mm',424,41),(136,'500mm',474,41),(137,'550mm',524,41),(138,'600mm',474,41),(139,'450mm',428,42),(140,'500mm',478,42),(141,'550mm',528,42),(142,'600mm',578,42),(143,'500mm',474,43),(144,'550mm',524,43),(145,'500mm',474,44),(146,'550mm',524,44),(147,'500mm',478,45),(148,'550mm',528,45),(149,'450mm',424,46),(150,'500mm',474,46),(151,'550mm',524,46),(152,'600mm',574,46),(153,'450mm',424,47),(154,'500mm',474,47),(155,'550mm',524,47),(156,'600mm',474,47),(157,'450mm',428,48),(158,'500mm',478,48),(159,'550mm',528,48),(160,'600mm',578,48),(161,'450mm',422,49),(162,'500mm',472,49),(163,'550mm',522,49),(164,'600mm',572,49),(165,'450mm',424,50),(166,'500mm',474,50),(167,'550mm',524,50),(168,'600mm',474,50),(169,'450mm',422,51),(170,'500mm',472,51),(171,'550mm',522,51),(172,'600mm',572,51),(173,'500mm',472,52),(174,'550mm',522,52),(175,'500mm',474,53),(176,'550mm',524,53),(177,'500mm',472,54),(178,'550mm',522,54),(179,'450mm',422,55),(180,'500mm',472,55),(181,'550mm',522,55),(182,'600mm',572,55),(183,'450mm',424,56),(184,'500mm',474,56),(185,'550mm',524,56),(186,'600mm',474,56),(187,'450mm',422,57),(188,'500mm',472,57),(189,'550mm',522,57),(190,'600mm',572,57);
/*!40000 ALTER TABLE `SlideDepth` ENABLE KEYS */;
UNLOCK TABLES;

--
-- Table structure for table `SlideSupplier`
--

DROP TABLE IF EXISTS `SlideSupplier`;
/*!40101 SET @saved_cs_client     = @@character_set_client */;
/*!50503 SET character_set_client = utf8mb4 */;
CREATE TABLE `SlideSupplier` (
  `id` int NOT NULL AUTO_INCREMENT,
  `thumbnailUrl` varchar(255) CHARACTER SET utf8mb4 COLLATE utf8mb4_unicode_ci DEFAULT NULL,
  `name` varchar(255) CHARACTER SET utf8mb4 COLLATE utf8mb4_unicode_ci NOT NULL,
  `slug` varchar(191) CHARACTER SET utf8mb4 COLLATE utf8mb4_unicode_ci NOT NULL,
  PRIMARY KEY (`id`),
  UNIQUE KEY `SlideSupplier.slug_unique` (`slug`)
) ENGINE=InnoDB AUTO_INCREMENT=7 DEFAULT CHARSET=utf8mb4 COLLATE=utf8mb4_unicode_ci;
/*!40101 SET character_set_client = @saved_cs_client */;

--
-- Dumping data for table `SlideSupplier`
--

LOCK TABLES `SlideSupplier` WRITE;
/*!40000 ALTER TABLE `SlideSupplier` DISABLE KEYS */;
INSERT INTO `SlideSupplier` VALUES (1,'images/slide/brand/ballbearing.png','Ballbearing','ballbearing'),(2,'images/slide/brand/blum.png','Blum','blum'),(3,'images/slide/brand/dtc.png','DTC','dtc'),(4,'images/slide/brand/king-slide.png','King Slide','king-slide'),(5,NULL,'Others','others'),(6,'images/slide/brand/grass.png','Grass','grass');
/*!40000 ALTER TABLE `SlideSupplier` ENABLE KEYS */;
UNLOCK TABLES;

--
-- Table structure for table `Type`
--

DROP TABLE IF EXISTS `Type`;
/*!40101 SET @saved_cs_client     = @@character_set_client */;
/*!50503 SET character_set_client = utf8mb4 */;
CREATE TABLE `Type` (
  `id` int NOT NULL AUTO_INCREMENT,
  `thumbnailUrl` varchar(255) CHARACTER SET utf8mb4 COLLATE utf8mb4_unicode_ci DEFAULT NULL,
  `slug` varchar(191) CHARACTER SET utf8mb4 COLLATE utf8mb4_unicode_ci NOT NULL,
  `hasPegs` tinyint(1) NOT NULL DEFAULT '0',
  `externalId` varchar(191) CHARACTER SET utf8mb4 COLLATE utf8mb4_unicode_ci DEFAULT NULL,
  PRIMARY KEY (`id`),
  UNIQUE KEY `Type.slug_unique` (`slug`),
  UNIQUE KEY `Type.externalId_unique` (`externalId`)
) ENGINE=InnoDB AUTO_INCREMENT=3 DEFAULT CHARSET=utf8mb4 COLLATE=utf8mb4_unicode_ci;
/*!40101 SET character_set_client = @saved_cs_client */;

--
-- Dumping data for table `Type`
--

LOCK TABLES `Type` WRITE;
/*!40000 ALTER TABLE `Type` DISABLE KEYS */;
INSERT INTO `Type` VALUES (1,'images/type/shallow.png','shallow',0,NULL),(2,'images/type/deep.jpg','deep',1,NULL);
/*!40000 ALTER TABLE `Type` ENABLE KEYS */;
UNLOCK TABLES;

--
-- Table structure for table `TypeTranslations`
--

DROP TABLE IF EXISTS `TypeTranslations`;
/*!40101 SET @saved_cs_client     = @@character_set_client */;
/*!50503 SET character_set_client = utf8mb4 */;
CREATE TABLE `TypeTranslations` (
  `id` int NOT NULL AUTO_INCREMENT,
  `locale` enum('en','fr') CHARACTER SET utf8mb4 COLLATE utf8mb4_unicode_ci NOT NULL,
  `name` varchar(191) CHARACTER SET utf8mb4 COLLATE utf8mb4_unicode_ci NOT NULL,
  `description` varchar(191) CHARACTER SET utf8mb4 COLLATE utf8mb4_unicode_ci DEFAULT NULL,
  `typeId` int NOT NULL,
  PRIMARY KEY (`id`),
  KEY `typeId` (`typeId`),
  CONSTRAINT `TypeTranslations_ibfk_1` FOREIGN KEY (`typeId`) REFERENCES `Type` (`id`) ON DELETE CASCADE ON UPDATE CASCADE
) ENGINE=InnoDB AUTO_INCREMENT=3 DEFAULT CHARSET=utf8mb4 COLLATE=utf8mb4_unicode_ci;
/*!40101 SET character_set_client = @saved_cs_client */;

--
-- Dumping data for table `TypeTranslations`
--

LOCK TABLES `TypeTranslations` WRITE;
/*!40000 ALTER TABLE `TypeTranslations` DISABLE KEYS */;
INSERT INTO `TypeTranslations` VALUES (1,'en','Top / Shallow Drawer','For cutlery, spices or organizing random stuff.',1),(2,'en','Bottom / Deep Drawer','For pots and pans, or small appliances.',2);
/*!40000 ALTER TABLE `TypeTranslations` ENABLE KEYS */;
UNLOCK TABLES;

--
-- Table structure for table `User`
--

DROP TABLE IF EXISTS `User`;
/*!40101 SET @saved_cs_client     = @@character_set_client */;
/*!50503 SET character_set_client = utf8mb4 */;
CREATE TABLE `User` (
  `id` int NOT NULL AUTO_INCREMENT,
  `email` varchar(255) CHARACTER SET utf8mb4 COLLATE utf8mb4_unicode_ci NOT NULL,
  `marathonUserId` int NOT NULL,
  `isAdminUser` tinyint(1) NOT NULL DEFAULT '0',
  PRIMARY KEY (`id`),
  UNIQUE KEY `User.email_unique` (`email`)
) ENGINE=InnoDB AUTO_INCREMENT=7 DEFAULT CHARSET=utf8mb4 COLLATE=utf8mb4_unicode_ci;
/*!40101 SET character_set_client = @saved_cs_client */;

--
-- Dumping data for table `User`
--

LOCK TABLES `User` WRITE;
/*!40000 ALTER TABLE `User` DISABLE KEYS */;
INSERT INTO `User` VALUES (1,'jo.redman@email.com',470703,0),(2,'dave.john@email.com',447283,0),(3,'charlie.ricottone@marathonhardware.com',446544,0),(4,'stephen.davies@marathonhardware.com',482966,0),(5,'craigatk@gmail.com',441142,0),(6,'erik.janelle@marathonhardware.com',441176,0);
/*!40000 ALTER TABLE `User` ENABLE KEYS */;
UNLOCK TABLES;

--
-- Table structure for table `_prisma_migrations`
--

DROP TABLE IF EXISTS `_prisma_migrations`;
/*!40101 SET @saved_cs_client     = @@character_set_client */;
/*!50503 SET character_set_client = utf8mb4 */;
CREATE TABLE `_prisma_migrations` (
  `id` varchar(36) CHARACTER SET utf8mb4 COLLATE utf8mb4_unicode_ci NOT NULL,
  `checksum` varchar(64) CHARACTER SET utf8mb4 COLLATE utf8mb4_unicode_ci NOT NULL,
  `finished_at` datetime(3) DEFAULT NULL,
  `migration_name` varchar(255) CHARACTER SET utf8mb4 COLLATE utf8mb4_unicode_ci NOT NULL,
  `logs` text CHARACTER SET utf8mb4 COLLATE utf8mb4_unicode_ci,
  `rolled_back_at` datetime(3) DEFAULT NULL,
  `started_at` datetime(3) NOT NULL DEFAULT CURRENT_TIMESTAMP(3),
  `applied_steps_count` int unsigned NOT NULL DEFAULT '0',
  PRIMARY KEY (`id`)
) ENGINE=InnoDB DEFAULT CHARSET=utf8mb4 COLLATE=utf8mb4_unicode_ci;
/*!40101 SET character_set_client = @saved_cs_client */;

--
-- Dumping data for table `_prisma_migrations`
--

LOCK TABLES `_prisma_migrations` WRITE;
/*!40000 ALTER TABLE `_prisma_migrations` DISABLE KEYS */;
INSERT INTO `_prisma_migrations` VALUES ('03a45f16-fdb6-4529-afa5-b84e242cbfe7','1804582e589dc85c93c4a2d9d6f14e1c384bd6c6da3662b760e92cdbc28bd65d','2021-12-05 17:35:06.393','20211205173504_add_attachments_fields',NULL,NULL,'2021-12-05 17:35:05.561',1),('084b22d6-0e0c-43cd-b79a-d93b3531ea71','3b92c28e9153fa7f456cd0383fb524801fa831a1a494b33b3d0a45300b7b9b07','2022-01-10 19:06:59.756','20211222134136_add_external_id_to_models',NULL,NULL,'2022-01-10 19:06:58.486',1),('0ebefcb9-2b09-4868-aca6-5ad3d4fcc292','9e9ab0d4783f42afa8f4ae245cd8c5c85dd5a029a0cfb02f59c43d68e45d8cc8','2021-10-30 14:07:54.269','20210921133211_add_slugs',NULL,NULL,'2021-10-30 14:07:53.730',1),('18cac40c-6991-426b-acae-93a384d10e29','14c535f4e488b154835d2a511bc14e19ecb41920b71947f3dc11dec65fe09707','2021-10-30 14:07:51.150','20210810192405_create_user_project_group_relationship_type',NULL,NULL,'2021-10-30 14:07:50.743',1),('1c7b1ae5-3bef-4455-9b88-92252b2d204e','0f852950b473dbf09f7f688b02682e2471cdf9b1c6f0d1d534777ef47fd8f538','2021-10-30 14:07:53.592','20210921125847_translation_fields_nullable',NULL,NULL,'2021-10-30 14:07:53.172',1),('1e4fbabd-cbdc-4b21-a65a-37366f7dc3dd','fe440bcb6c01eb790755a44ee744e44a98084e3aa00e3cc959a9123991bda71e','2021-12-20 13:47:35.788','20211220134640_update_module_add_created_at_and_updated_at',NULL,NULL,'2021-12-20 13:47:34.703',1),('24ee5915-5076-4a0c-8422-d7b6b7c6ddff','bb44d61a5d600964144f59159e31994c6e907d10675f925b7769f86dbcb0c0f1','2021-10-30 14:07:58.210','20210930180331_add_bundle_url_to_module',NULL,NULL,'2021-10-30 14:07:57.787',1),('29e04b43-a7cd-4752-b9b0-4871a336226d','08a93e15d8f6e632ec42ab46b113a778e5628a2418aa12bc30c89594ab35002b','2021-11-01 23:28:03.982','20211101232802_adds_category_to_module',NULL,NULL,'2021-11-01 23:28:03.269',1),('2fe24091-1199-46b6-bc8c-00cf94a1f617','00c320b3d22ae15a2b2fd68abeba5d5f7260df9a2add11a248a6a6a5b1747544','2021-11-01 15:20:15.282','20211101152013_removes_project_groups',NULL,NULL,'2021-11-01 15:20:14.573',1),('4167a077-db1a-4d88-b31e-96ebf85305af','9ee9edb40040ba4774621a22943f293b4b09a33092e5bc98115be3a800541979','2021-11-11 17:22:15.668','20211111172213_adds_roty_default',NULL,NULL,'2021-11-11 17:22:14.911',1),('4b899a3d-3778-4c75-a949-f4d17531f4b5','e1303b0a1531d4f6ecf36ced91cf6e2abf001843aea0a389e53f4ac9f5294c30','2021-10-30 14:07:57.646','20210923145439_make_thumbnailurl_nullable',NULL,NULL,'2021-10-30 14:07:57.175',1),('4ce08e9b-e4a5-4756-8362-7ee646640317','05290f323011ec64a79ac8c4a65e8206b5387752378fe494e80bdfa5a3845cfe','2021-10-30 14:07:55.384','20210921155520_rename_slide_model_to_product',NULL,NULL,'2021-10-30 14:07:54.973',1),('5a68489f-c593-41ed-88df-1da400ac383c','a204470291ab2f746a315af93a829ee7a461d76cccdda47dcd238d36c8414e72','2021-12-01 13:52:46.220','20211201135136_update_module_add_should_hide_based_on_width',NULL,NULL,'2021-12-01 13:52:45.373',1),('5ae0e498-5bc6-469c-8d42-f914758eaa34','fd4260807fb04e7921687ed402d49cd42da6dd4b292e1a0eb32ee165da898b36','2021-11-08 16:48:34.610','20211108164741_created_session_user',NULL,NULL,'2021-11-08 16:48:33.725',1),('6a07beae-3d21-4bf4-8c15-467fc255c7c5','25411c64bbe1d98bfcc375280730f9e40b3001405f98c14e7680090d5dcdddc3','2021-11-11 17:16:27.525','20211111170711_add_pos_rename_rot',NULL,NULL,'2021-11-11 17:16:26.765',1),('6eb06a45-1623-4dab-8e4e-db91464eea24','bcd48a90bd6c27774305532501f225944eb4f49b3d1675de9c3240fcdf254de0','2021-10-30 14:07:51.913','20210920141733_add_remaining_models',NULL,NULL,'2021-10-30 14:07:51.286',1),('7c30ed8b-d664-42e1-b308-756d2b5eca36','4d426f7437edf8760a38fd439f5021b4c020d98b51315fa4bf2b1ad2d0c2efc2','2021-11-11 20:06:00.377','20211111200030_rename_and_add_width_values',NULL,NULL,'2021-11-11 20:05:59.543',1),('7fe090c5-9ed9-4fe1-9b03-d4659bc4afb4','11e9ec693cb86d71e63d0946e8270b67f12a76bb83ae5112b1082161fddcee47','2021-10-30 14:07:54.835','20210921151742_add_finish_collection_relationship',NULL,NULL,'2021-10-30 14:07:54.407',1),('838ad7ed-e137-4130-b0e3-8dadf70e4917','b0ea60e5e29810a9d3a3cdb797bf482127f9778253cb4e19ed98b9eef860eb49','2021-12-09 16:09:40.850','20211209160844_created_module_type',NULL,NULL,'2021-12-09 16:09:39.885',1),('8967b0ff-bf81-4cd6-afa8-e444a11784af','dafc8619b0cff757e36778dfed8f3c0680b27185b4e0d612f8e9f447e2d4b85d','2021-10-30 14:07:58.787','20211030132056_add_more_module_metadata',NULL,NULL,'2021-10-30 14:07:58.353',1),('92755967-14f7-4846-b600-26b6d4e72145','a48175bb4e3f8a7bfd9ed52c02f9fed49a50dd8059fc685bd1252eda40cd75b5','2021-10-30 14:07:55.948','20210921155835_add_collection_to_slide',NULL,NULL,'2021-10-30 14:07:55.520',1),('a45661f1-ff88-4adf-a492-64ef04761b08','381a14850e5afc6e895ed37cf483c2303bddd8b7428e1308049324c3e58d391d','2022-01-10 17:44:29.673','20220110174230_update_user_add_is_admin_user',NULL,NULL,'2022-01-10 17:44:28.719',1),('a51388db-0a5a-48fd-a3e7-b548b6876c9b','3ce9a5f9726b6b02e18bb59580b23e4d4bc95f139e528fc5b03072961c4c1b3a','2021-10-30 14:07:50.608','20210810185606_create_modules',NULL,NULL,'2021-10-30 14:07:50.175',1),('aa7bf946-2188-4dfc-accd-b74e8d676751','fe8a789579a7f5111039caeb5d8e7675c5e888aec19e55960511c66dda6f33a5','2021-12-13 18:27:30.891','20211213182337_update_module_add_always_display',NULL,NULL,'2021-12-13 18:27:29.855',1),('b36a75e2-16c4-49c9-bb46-5a3addf76662','1b53c173a59f36584dec90abf25ec8feb9b02289008aa96a8a07437c3fd3c967','2021-12-14 17:15:22.366','20211214171519_add_edge_to_module',NULL,NULL,'2021-12-14 17:15:21.251',1),('b697490a-e483-4a72-9b97-1551f74f0ada','c67b038dff166460c7463aaf8640f707881a8b76a1f610909bf3924be441205a','2022-01-10 19:07:00.478','20211222134203_create_lists',NULL,NULL,'2022-01-10 19:07:00.029',1),('bd557861-6cc5-4cc6-8527-616bb515bbd6','ed646330e65beca0a145e88a5741ba03329a0e6b273e3bd51f8ae0e56d15a969','2021-11-02 01:31:24.539','20211102013122_convert_category_to_list',NULL,NULL,'2021-11-02 01:31:23.812',1),('c73e95d4-cc7b-4aed-ad3f-db99f6db4de6','dba5c2f3ddfca4ff1c550b67153983c8072337c89605987907898541e8b7d594','2021-11-01 14:48:34.880','20211101144832_add_description_to_module',NULL,NULL,'2021-11-01 14:48:34.189',1),('ca436a02-e114-4849-b4a3-4e3f40044739','6383f52dab395039368d922d9024ac063cacd4229d9ea48af69b3111271f1189','2021-10-30 14:07:49.472','20210810182728_create_project_groups',NULL,NULL,'2021-10-30 14:07:48.948',1),('cbb09db5-09ff-4bca-b859-e3a9a34d9a15','e405bef0570b0694a32e98229361c969991352803181d5fd5a3098bbeef31850','2021-11-09 13:54:32.712','20211109135349_update_user_relation_project',NULL,NULL,'2021-11-09 13:54:31.721',1),('cd417dcf-abe4-4fdc-b518-1c5aeac146a2','086f38da9e1000aa70e58664eb06c494c71e0e7b71710e62121b7bacfd488d2a','2021-10-30 14:07:56.495','20210921190508_allow_empty_rules',NULL,NULL,'2021-10-30 14:07:56.083',1),('d0e74d90-21b4-48a2-9697-e5fcd1fec511','a8e2e1ec451f4d76ba1e304d4810c57cf7f90eb61a379bdded2050a18172148f','2021-10-30 14:07:48.666','20210810170232_init_database',NULL,NULL,'2021-10-30 14:07:47.905',1),('d133bc04-df3b-4f48-80c0-eaf55845551a','8372688451e7cd9b22903d57127b2a05d75b95b90b2fb11ec3f4a5d279c3f057','2021-12-05 00:58:21.730','20211205005819_add_nanoid_projectmodule',NULL,NULL,'2021-12-05 00:58:21.013',1),('d20ac978-2c04-4a7a-b532-0a590003cec2','13ad9e90bcd6e3516027e75a2ad252dd5bbe9f2b52a64d7f3376b03162f6eb59','2021-10-30 14:07:50.039','20210810184311_create_project_modules',NULL,NULL,'2021-10-30 14:07:49.610',1),('d28c4b3f-0994-4d69-96ac-a0a2b3f4c119','427048cd407e0ba7fc0fdab80297525ee44509438b9001bffb771b6dd43d680e','2021-10-30 14:07:53.036','20210920194420_add_autoincrement_to_translations',NULL,NULL,'2021-10-30 14:07:52.594',1),('e221db6e-db38-4ede-966a-2411c52dfde6','bda572fa04ac17950377c28ff85544545be671780ac9af023865cd098bd6cf14','2021-11-05 18:53:26.171','20211105185324_add_has_pegs_to_project',NULL,NULL,'2021-11-05 18:53:25.493',1),('ecac3101-7a5d-4f29-810c-4068115f895a','5a0d71865638fadd1cc8427c5ecf82e461cce267279fec67ba96893682f7e904','2021-11-05 18:43:00.317','20211105184258_add_has_pegs_to_collection_and_type',NULL,NULL,'2021-11-05 18:42:59.568',1),('eea6d688-14b7-4ce3-b095-985a818629a9','aa97e07c0acbbc0d2955607fca624ae6cc8872e4c146202a21c210fa84ea7278','2021-12-04 18:19:37.903','20211204181801_change_extension_relations_on_module',NULL,NULL,'2021-12-04 18:19:37.087',1),('f825cc2e-7d63-4373-92f4-4fe402837fb7','cc1072a6f142f2e1e25f540ff4d545ea8270a3612c9e737e050eaab82ea81774','2021-12-17 12:54:47.723','20211217125347_update_collections_add_coming_soon',NULL,NULL,'2021-12-17 12:54:46.656',1),('fc890d70-290a-4581-bbff-7374154713b6','9291877814fd1eeef1d8f27c689f004227452a80873b8a1b2d433778ae91426a','2021-10-30 14:07:52.455','20210920194038_add_subtitle_footer_to_collection',NULL,NULL,'2021-10-30 14:07:52.050',1),('ff74d950-19d0-4cdf-9b6b-18d9608eafa1','89ab0e12179d4f2e503156902adab7c91904bb7bee511177937d487c5e2e97d1','2021-10-30 14:07:57.038','20210922184944_add_pegs_and_submodule_to_module',NULL,NULL,'2021-10-30 14:07:56.630',1);
/*!40000 ALTER TABLE `_prisma_migrations` ENABLE KEYS */;
UNLOCK TABLES;
/*!40103 SET TIME_ZONE=@OLD_TIME_ZONE */;

/*!40101 SET SQL_MODE=@OLD_SQL_MODE */;
/*!40014 SET FOREIGN_KEY_CHECKS=@OLD_FOREIGN_KEY_CHECKS */;
/*!40014 SET UNIQUE_CHECKS=@OLD_UNIQUE_CHECKS */;
/*!40101 SET CHARACTER_SET_CLIENT=@OLD_CHARACTER_SET_CLIENT */;
/*!40101 SET CHARACTER_SET_RESULTS=@OLD_CHARACTER_SET_RESULTS */;
/*!40101 SET COLLATION_CONNECTION=@OLD_COLLATION_CONNECTION */;
/*!40111 SET SQL_NOTES=@OLD_SQL_NOTES */;

-- Dump completed on 2022-02-15 17:23:32
